Tracked Date,Domain,Redirected Domain,Specific URL,Status Code,Service Type,Object IDs
2023-06-19 13:45:56,fmoviefree.sc,fmoviesfree.ac/online/guardians-of-the-galaxy-vol-3-2023/watching.html/?ep=7,fmoviefree.sc/online/guardians-of-the-galaxy-vol-3-2023/watching.html/,200,vod,[7886]
2023-06-19 13:45:56,fmoviefree.sc,fmoviesfree.ac/wp-content/themes/assets/inc/js/jquery-1.9.1.min.js,fmoviefree.sc/wp-content/themes/assets/inc/js/jquery-1.9.1.min.js,200,vod,"[5185, 7886]"
2023-06-19 13:45:56,fmoviefree.sc,fmoviesfree.ac/wp-content/themes/assets/inc/js/md5.min.js,fmoviefree.sc/wp-content/themes/assets/inc/js/md5.min.js,200,vod,"[5185, 7886]"
2023-06-19 13:45:56,fmoviefree.sc,fmoviefree.sc/wp-content/themes/assets/inc/js/jquery.lazyload.js,fmoviefree.sc/wp-content/themes/assets/inc/js/jquery.lazyload.js,200,vod,"[5185, 7886]"
2023-06-19 13:45:56,fmoviefree.sc,fmoviefree.sc/wp-content/themes/assets/inc/js/jquery.cookie.js,fmoviefree.sc/wp-content/themes/assets/inc/js/jquery.cookie.js,200,vod,"[5185, 7886, 2280]"
2023-06-19 13:45:56,fmoviefree.sc,fmoviefree.sc/wp-content/themes/assets/inc/js/jquery.hover-intent.js,fmoviefree.sc/wp-content/themes/assets/inc/js/jquery.hover-intent.js,200,vod,"[5185, 7886]"
2023-06-19 13:45:56,fmoviefree.sc,fmoviesfree.ac/wp-includes/css/dist/block-library/style.min.css?ver=6.2,fmoviefree.sc/wp-includes/css/dist/block-library/style.min.css?ver=6.2,200,vod,"[5185, 7886]"
2023-06-19 13:45:56,fmoviefree.sc,fmoviesfree.ac/wp-includes/css/classic-themes.min.css?ver=6.2,fmoviefree.sc/wp-includes/css/classic-themes.min.css?ver=6.2,200,vod,"[5185, 7886]"
2023-06-19 13:45:56,fmoviefree.sc,fmoviefree.sc/wp-content/themes/assets/css/main.css,fmoviefree.sc/wp-content/themes/assets/css/main.css,200,vod,"[5185, 7886]"
2023-06-19 13:45:56,fmoviefree.sc,fmoviefree.sc/wp-content/themes/assets/css/bootstrap.min.css,fmoviefree.sc/wp-content/themes/assets/css/bootstrap.min.css,200,vod,"[5185, 7886]"
2023-06-19 13:45:56,fmoviefree.sc,fmoviefree.sc/wp-content/themes/assets/css/main-dark.css,fmoviefree.sc/wp-content/themes/assets/css/main-dark.css,200,vod,"[5185, 7886]"
2023-06-19 13:45:56,fmoviefree.sc,fmoviefree.sc/wp-content/themes/assets/css/jquery.cluetip.css,fmoviefree.sc/wp-content/themes/assets/css/jquery.cluetip.css,200,vod,"[5185, 7886]"
2023-06-19 13:45:56,fmoviefree.sc,fmoviefree.sc/wp-content/themes/assets/css/jquery.qtip.min.css,fmoviefree.sc/wp-content/themes/assets/css/jquery.qtip.min.css,200,vod,"[5185, 7886]"
2023-06-19 13:45:56,fmoviefree.sc,fmoviefree.sc/wp-content/themes/assets/css/custom.css,fmoviefree.sc/wp-content/themes/assets/css/custom.css,200,vod,"[5185, 7886]"
2023-06-19 13:45:56,fmoviefree.sc,fmoviefree.sc/wp-content/themes/assets/css/slide.css,fmoviefree.sc/wp-content/themes/assets/css/slide.css,200,vod,"[5185, 7886]"
2023-06-19 13:45:56,fmoviefree.sc,fmoviefree.sc/wp-content/themes/assets/style.css,fmoviefree.sc/wp-content/themes/assets/style.css,200,vod,"[5185, 7886]"
2023-06-19 13:45:56,fmoviefree.sc,fmoviefree.sc/wp-content/themes/assets/css/star-rating.css,fmoviefree.sc/wp-content/themes/assets/css/star-rating.css,200,vod,"[5185, 7886]"
2023-06-19 13:45:56,fmoviefree.sc,fmoviefree.sc/wp-content/themes/assets/css/psbar.css,fmoviefree.sc/wp-content/themes/assets/css/psbar.css,200,vod,"[5185, 7886]"
2023-06-19 13:45:56,fmoviefree.sc,fmoviefree.sc/wp-content/themes/assets/icons/css/font-awesome.min.css,fmoviefree.sc/wp-content/themes/assets/icons/css/font-awesome.min.css,200,vod,"[5185, 7886]"
2023-06-19 13:45:56,fmoviefree.sc,fmoviefree.sc/wp-content/themes/assets/inc/js/jquery.qtip.min.js,fmoviefree.sc/wp-content/themes/assets/inc/js/jquery.qtip.min.js,200,vod,"[5185, 7886]"
2023-06-19 13:45:56,fmoviefree.sc,fmoviesfree.ac/wp-content/themes/assets/inc/js/bootstrap-select.js,fmoviefree.sc/wp-content/themes/assets/inc/js/bootstrap-select.js,200,vod,"[5185, 7886]"
2023-06-19 13:45:56,fmoviefree.sc,fmoviesfree.ac/wp-content/themes/assets/inc/js/bootstrap.min.js,fmoviefree.sc/wp-content/themes/assets/inc/js/bootstrap.min.js,200,vod,"[5185, 7886]"
2023-06-19 13:45:56,fmoviefree.sc,fmoviefree.sc/wp-content/themes/assets/inc/js/detectmobilebrowser.js,fmoviefree.sc/wp-content/themes/assets/inc/js/detectmobilebrowser.js,200,vod,"[5185, 7886]"
2023-06-19 13:45:56,fmoviefree.sc,fmoviesfree.ac/wp-content/themes/assets/inc/js/psbar.jquery.min.js,fmoviefree.sc/wp-content/themes/assets/inc/js/psbar.jquery.min.js,200,vod,"[5185, 7886]"
2023-06-19 13:45:56,fmoviefree.sc,fmoviefree.sc/wp-content/themes/assets/inc/js/jquery.smooth-scroll.min.js,fmoviefree.sc/wp-content/themes/assets/inc/js/jquery.smooth-scroll.min.js,200,vod,"[5185, 7886]"
2023-06-19 13:45:56,fmoviefree.sc,fmoviesfree.ac/wp-content/themes/assets/inc/js/star-rating.js,fmoviefree.sc/wp-content/themes/assets/inc/js/star-rating.js,200,vod,"[5185, 7886]"
2023-06-19 13:45:56,fmoviefree.sc,fmoviesfree.ac/wp-content/themes/assets/inc/js/assets1.min.js?ver=6.2,fmoviefree.sc/wp-content/themes/assets/inc/js/assets1.min.js?ver=6.2,200,vod,"[5185, 7886]"
2023-06-19 13:45:56,fmoviefree.sc,fmoviefree.sc/wp-content/themes/assets/inc/js/decrypted_player-v1.js,fmoviefree.sc/wp-content/themes/assets/inc/js/decrypted_player-v1.js,200,vod,"[637, 5185, 7886]"
2023-06-19 13:45:56,fmoviefree.sc,fmoviesfree.ac/wp-content/themes/assets/inc/js/slide.min.js,fmoviefree.sc/wp-content/themes/assets/inc/js/slide.min.js,200,vod,"[5185, 7886]"
2023-06-19 13:45:56,fmoviefree.sc,fmoviesfree.ac/images/tt6791350/poster.jpg,fmoviefree.sc/images/tt6791350/poster.jpg,200,vod,"[2853, 7886]"
2023-06-19 13:45:56,fmoviefree.sc,fmoviesfree.ac/images/tt23037488/poster.jpg,fmoviefree.sc/images/tt23037488/poster.jpg,200,vod,"[2853, 7886]"
2023-06-19 13:45:56,fmoviefree.sc,fmoviesfree.ac/images/tt14940240/poster.jpg,fmoviefree.sc/images/tt14940240/poster.jpg,200,vod,"[2853, 7886]"
2023-06-19 13:45:56,fmoviefree.sc,fmoviefree.sc/images/tt12844910/poster.jpg,fmoviefree.sc/images/tt12844910/poster.jpg,200,vod,"[2853, 7886]"
2023-06-19 13:45:56,fmoviefree.sc,fmoviefree.sc/wp-content/themes/assets/images/logo-dark.png,fmoviefree.sc/wp-content/themes/assets/images/logo-dark.png,200,vod,"[2853, 5185, 7886]"
2023-06-19 13:45:56,fmoviefree.sc,fmoviefree.sc/wp-content/themes/assets/images/logo-dark.png,fmoviefree.sc/wp-content/themes/assets/icons/fonts/fontawesome-webfont.woff2,301,vod,"[5185, 7886]"
2023-06-19 13:45:56,googletagmanager.com,www.googletagmanager.com/gtag/js?id=UA-110551045-1,www.googletagmanager.com/gtag/js?id=UA-110551045-1,200,vod,"[5964, 7886]"
2023-06-19 13:45:56,google.com,www.google.com/recaptcha/api.js,www.google.com/recaptcha/api.js,200,vod,"[7886, 1501]"
2023-06-19 13:45:56,fmoviefree.sc,fmoviesfree.ac/images/tt14846026/poster.jpg,fmoviefree.sc/images/tt14846026/poster.jpg,200,vod,"[2853, 7886]"
2023-06-19 13:45:56,fmoviefree.sc,fmoviesfree.ac/images/tt18257464/poster.jpg,fmoviefree.sc/images/tt18257464/poster.jpg,200,vod,"[2853, 7886]"
2023-06-19 13:45:56,fmoviefree.sc,fmoviesfree.ac/images/tt10334636/poster.jpg,fmoviefree.sc/images/tt10334636/poster.jpg,200,vod,"[2853, 7886]"
2023-06-19 13:45:56,fmoviefree.sc,fmoviesfree.ac/images/tt26082308/poster.jpg,fmoviefree.sc/images/tt26082308/poster.jpg,200,vod,"[2853, 7886]"
2023-06-19 13:45:56,fmoviefree.sc,fmoviesfree.ac/images/tt27197387/poster.jpg,fmoviefree.sc/images/tt27197387/poster.jpg,200,vod,"[2853, 7886]"
2023-06-19 13:45:56,streamvid.cc,streamvid.cc/player/L23Wy4q4Vvk4qgt/,streamvid.cc/player/L23Wy4q4Vvk4qgt/,200,vod,"[4254, 7886]"
2023-06-19 13:45:56,fmoviefree.sc,fmoviesfree.ac/images/tt14672882/poster.jpg,fmoviefree.sc/images/tt14672882/poster.jpg,200,vod,"[2853, 7886]"
2023-06-19 13:45:56,ww.fmoviefree.sc,fmoviesfree.ac/images/tt14672882/poster.jpg,ww.fmoviefree.sc/wp-content/themes/assets/icons/fonts/fontawesome-webfont.woff2,301,vod,"[5185, 7886]"
2023-06-19 13:45:56,fmoviefree.sc,fmoviefree.sc/images/tt7720142/poster.jpg,fmoviefree.sc/images/tt7720142/poster.jpg,200,vod,"[2853, 7886]"
2023-06-19 13:45:56,fmoviefree.sc,fmoviefree.sc/wp-content/themes/assets/images/mask-title.png,fmoviefree.sc/wp-content/themes/assets/images/mask-title.png,200,vod,"[2853, 5185, 7886]"
2023-06-19 13:45:56,fmoviefree.sc,fmoviesfree.ac/images/tt5635026/poster.jpg,fmoviefree.sc/images/tt5635026/poster.jpg,200,vod,"[2853, 7886]"
2023-06-19 13:45:56,fmoviefree.sc,fmoviesfree.ac/images/tt5635026/poster.jpg,fmoviefree.sc/wp-content/themes/assets/icons/fonts/fontawesome-webfont.woff,301,vod,"[5185, 7886]"
2023-06-19 13:45:56,fmoviefree.sc,fmoviefree.sc/wp-content/themes/assets/images/btn-overlay.png,fmoviefree.sc/wp-content/themes/assets/images/btn-overlay.png,200,vod,"[2853, 5185, 7886]"
2023-06-19 13:45:56,streamvid.cc,streamvid.cc/templates/jwplayer/assets/juicycodes.css?v=2.1.2,streamvid.cc/templates/jwplayer/assets/juicycodes.css?v=2.1.2,200,vod,"[637, 4254, 7886]"
2023-06-19 13:45:56,streamvid.cc,streamvid.cc/templates/jwplayer/assets/devtools.js,streamvid.cc/templates/jwplayer/assets/devtools.js,200,vod,"[637, 4254, 7886]"
2023-06-19 13:45:56,streamvid.cc,streamvid.cc/templates/jwplayer/assets/jwplayer.js?1683884341,streamvid.cc/templates/jwplayer/assets/jwplayer.js?1683884341,200,vod,"[637, 4254, 7886]"
2023-06-19 13:45:56,streamvid.cc,streamvid.cc/templates/jwplayer/assets/juicycodes.js,streamvid.cc/templates/jwplayer/assets/juicycodes.js,200,vod,"[637, 4254, 7886]"
2023-06-19 13:45:56,streamvid.cc,streamvid.cc/templates/jwplayer/assets/jq.min.js,streamvid.cc/templates/jwplayer/assets/jq.min.js,200,vod,"[637, 4254, 7886]"
2023-06-19 13:45:56,google-analytics.com,www.google-analytics.com/analytics.js,www.google-analytics.com/analytics.js,200,vod,"[5964, 4787, 7886]"
2023-06-19 13:45:56,d6deij4k3ikap.cloudfront.net,d6deij4k3ikap.cloudfront.net/?jiedd=983231,d6deij4k3ikap.cloudfront.net/?jiedd=983231,200,vod,"[4100, 7886]"
2023-06-19 13:45:56,ww.fmoviefree.sc,d6deij4k3ikap.cloudfront.net/?jiedd=983231,ww.fmoviefree.sc/wp-content/themes/assets/icons/fonts/fontawesome-webfont.woff,301,vod,"[5185, 7886]"
2023-06-19 13:45:56,google-analytics.com,www.google-analytics.com/j/collect?v=1&_v=j100&a=12084948&t=pageview&_s=1&dl=https%3A%2F%2Ffmoviefree.sc%2Fonline%2Fguardians-of-the-galaxy-vol-3-2023%2Fwatching.html%2F%3Fep%3D7&ul=en-us&de=UTF-8&dt=Guardians%20of%20the%20Galaxy%20Vol.%203%20(2023)%20Watch%20Movie%20Online%20-%20Fmoviesfree&sd=24-bit&sr=800x600&vp=785x600&je=0&_u=YEBAAUABAAAAACAAI~&jid=999557293&gjid=1329970408&cid=168438197.1683883299&tid=UA-110551045-1&_gid=1665327452.1683883299&_r=1&gtm=457e35a0&jsscut=1&z=546503945,www.google-analytics.com/j/collect?v=1&_v=j100&a=12084948&t=pageview&_s=1&dl=https%3A%2F%2Ffmoviefree.sc%2Fonline%2Fguardians-of-the-galaxy-vol-3-2023%2Fwatching.html%2F%3Fep%3D7&ul=en-us&de=UTF-8&dt=Guardians%20of%20the%20Galaxy%20Vol.%203%20(2023)%20Watch%20Movie%20Online%20-%20Fmoviesfree&sd=24-bit&sr=800x600&vp=785x600&je=0&_u=YEBAAUABAAAAACAAI~&jid=999557293&gjid=1329970408&cid=168438197.1683883299&tid=UA-110551045-1&_gid=1665327452.1683883299&_r=1&gtm=457e35a0&jsscut=1&z=546503945,200,vod,"[5964, 4787, 7886]"
2023-06-19 13:45:56,champaup.com,champaup.com/rNtzE1Ojq09Tg/63404,champaup.com/rNtzE1Ojq09Tg/63404,200,vod,[7886]
2023-06-19 13:45:56,graph.facebook.com,graph.facebook.com/?id=https://fmoviefree.sc/online/guardians-of-the-galaxy-vol-3-2023/&callback=jQuery19108176515547064991_1683883296216&_=1683883296217,graph.facebook.com/?id=https://fmoviefree.sc/online/guardians-of-the-galaxy-vol-3-2023/&callback=jQuery19108176515547064991_1683883296216&_=1683883296217,200,vod,"[7886, 5277]"
2023-06-19 13:45:56,fmoviefree.sc,graph.facebook.com/?id=https://fmoviefree.sc/online/guardians-of-the-galaxy-vol-3-2023/&callback=jQuery19108176515547064991_1683883296216&_=1683883296217,fmoviefree.sc/wp-content/themes/assets/icons/fonts/fontawesome-webfont.ttf,200,vod,"[5185, 7886]"
2023-06-19 13:45:56,streamvid.cc,streamvid.cc/templates/jwplayer/assets/jwplayer.core.controls.js,streamvid.cc/templates/jwplayer/assets/jwplayer.core.controls.js,200,vod,"[637, 4254, 7886]"
2023-06-19 13:45:56,gstatic.com,www.gstatic.com/recaptcha/releases/wqcyhEwminqmAoT8QO_BkXCr/recaptcha__en.js,www.gstatic.com/recaptcha/releases/wqcyhEwminqmAoT8QO_BkXCr/recaptcha__en.js,200,vod,"[7886, 1501]"
2023-06-19 13:45:56,streamvid.cc,streamvid.cc/templates/jwplayer/assets/related.js,streamvid.cc/templates/jwplayer/assets/related.js,200,vod,"[637, 4254, 7886]"
2023-06-19 13:45:56,streamvid.cc,streamvid.cc/templates/jwplayer/assets/provider.hlsjs.js,streamvid.cc/templates/jwplayer/assets/provider.hlsjs.js,200,vod,"[637, 4254, 7886]"
2023-06-19 13:45:56,ntoftheusysianedt.info,ntoftheusysianedt.info/U3Q1aHcyFlYFSDJJV04CIRgITUUVUQcuE2UQUAEdZx8GARwyBBsLGzwBUQ4FPBpBRhk2ABBaMQQuBjIuBw58LTAHLUUsJR4SZSA+HywFPgY1NXsqPxAHUjA1Nzh4Ky0QP2EpAwMsBU1FFTJNHAcBHAU7LQsbVj0bEkR5BAASJwZcBgs1ZyQWBBhhKQ8BGFAQJgc2XwscFwN8KycQHGcqEGdNej5GETVPBA4LA1IlOgA6UCobHQV2ORMZJltZThIfDScWC0BtPjMBTVM5Ph88TzFBAB9/LRYXF349JD8BUBADECZyDwICHFYJJwccbSolYwx6EBMFOXJFRms2YAQxMRlaKSFiQE8iRwo/cgZGahdgIjIyN3sKMxE6DA4mGjVwEgQ4LGBdIzIaDAk2OxcNIUYwIXc8BD0ldA8VAyNaKT4GEEUONSssYi9GZjZjPi4xGkIwIQYtRyQbAjN3LDEiNXYuMzJHUgshFjYQWjUcEww/UTkHWgYHbhxcGDkVAUcnLzI3,ntoftheusysianedt.info/U3Q1aHcyFlYFSDJJV04CIRgITUUVUQcuE2UQUAEdZx8GARwyBBsLGzwBUQ4FPBpBRhk2ABBaMQQuBjIuBw58LTAHLUUsJR4SZSA+HywFPgY1NXsqPxAHUjA1Nzh4Ky0QP2EpAwMsBU1FFTJNHAcBHAU7LQsbVj0bEkR5BAASJwZcBgs1ZyQWBBhhKQ8BGFAQJgc2XwscFwN8KycQHGcqEGdNej5GETVPBA4LA1IlOgA6UCobHQV2ORMZJltZThIfDScWC0BtPjMBTVM5Ph88TzFBAB9/LRYXF349JD8BUBADECZyDwICHFYJJwccbSolYwx6EBMFOXJFRms2YAQxMRlaKSFiQE8iRwo/cgZGahdgIjIyN3sKMxE6DA4mGjVwEgQ4LGBdIzIaDAk2OxcNIUYwIXc8BD0ldA8VAyNaKT4GEEUONSssYi9GZjZjPi4xGkIwIQYtRyQbAjN3LDEiNXYuMzJHUgshFjYQWjUcEww/UTkHWgYHbhxcGDkVAUcnLzI3,200,vod,"[7777, 7886]"
2023-06-19 13:45:56,ntoftheusysianedt.info,ntoftheusysianedt.info/WEVWako5JzUHdTl4NEw/KilrT3geYGQsLm4hMwMgbC5lAyE5NXgJJjcwMgw4NysiRCQ9MXNYDGocAyANPHY9KQYLIgQ4Ig03HwE6GRIOLHoMdS4iARwQDywyHmBkLAE/dAYtGR0MGy8PIB8SIwQQEy5ZKx0PMC4ZFSoTLxgQDy8NHwoDFAEAIAg0MgICIhcCIjsJLwEEHQRmHwBpDxogeTwqBFsyDCY7XhoLAxQELgwTNT95ETQeAikNCjskDAsXOlwpGy0GPB0sLwQ/IRkIPDMoEAcPBAAaMgcsHTx1Gz8yCyEBAg8MdQQdLjR9BSkeATcRWzIMBAFHBB4WB1o4FBccCR9rDD4vIjcOGj1zCxZnLzsRPQ8ODgsmZygINw8bKSE5DRM4PRkADCMfNT1kPR8gHTIyGAIRZyAkPAA1IQsbFDgoGBoANSsIGxY6MDk8EBAMDBB8ZUwgKyo4Gnc0P2ASKRYCbjo,ntoftheusysianedt.info/WEVWako5JzUHdTl4NEw/KilrT3geYGQsLm4hMwMgbC5lAyE5NXgJJjcwMgw4NysiRCQ9MXNYDGocAyANPHY9KQYLIgQ4Ig03HwE6GRIOLHoMdS4iARwQDywyHmBkLAE/dAYtGR0MGy8PIB8SIwQQEy5ZKx0PMC4ZFSoTLxgQDy8NHwoDFAEAIAg0MgICIhcCIjsJLwEEHQRmHwBpDxogeTwqBFsyDCY7XhoLAxQELgwTNT95ETQeAikNCjskDAsXOlwpGy0GPB0sLwQ/IRkIPDMoEAcPBAAaMgcsHTx1Gz8yCyEBAg8MdQQdLjR9BSkeATcRWzIMBAFHBB4WB1o4FBccCR9rDD4vIjcOGj1zCxZnLzsRPQ8ODgsmZygINw8bKSE5DRM4PRkADCMfNT1kPR8gHTIyGAIRZyAkPAA1IQsbFDgoGBoANSsIGxY6MDk8EBAMDBB8ZUwgKyo4Gnc0P2ASKRYCbjo,200,vod,"[7777, 7886]"
2023-06-19 13:45:56,ntoftheusysianedt.info,ntoftheusysianedt.info/WEVWako5JzUHdTl4NEw/KilrT3geYGQsLm4hMwMgbC5lAyE5NXgJJjcwMgw4NysiRCQ9MXNYDGocAyANPHY9KQYLIgQ4Ig03HwE6GRIOLHoMdS4iARwQDywyHmBkLAE/dAYtGR0MGy8PIB8SIwQQEy5ZKx0PMC4ZFSoTLxgQDy8NHwoDFAEAIAg0MgICIhcCIjsJLwEEHQRmHwBpDxogeTwqBFsyDCY7XhoLAxQELgwTNT95ETQeAikNCjskDAsXOlwpGy0GPB0sLwQ/IRkIPDMoEAcPBAAaMgcsHTx1Gz8yCyEBAg8MdQQdLjR9BSkeATcRWzIMBAFHBB4WB1o4FBccCR9rDD4vIjcOGj1zCxZnLzsRPQ8ODgsmZygINw8bKSE5DRM4PRkADCMfNT1kPR8gHTIyGAIRZyAkPAA1IQsbFDgoGBoANSsIGxY6MDk8EBAMDBB8ZUwgKyo4Gnc0P2ASKRYCbjo,ntoftheusysianedt.info/utx?cb=2Oyv8rkKRPBP&top=streamvid.cc&tid=983231,204,vod,"[7777, 4254, 7886]"
2023-06-19 13:45:56,d6deij4k3ikap.cloudfront.net,d6deij4k3ikap.cloudfront.net/WZ3ZYTzIEGTYpDRMfPHILX0VqfANBHCsgXBdLMCZCKTAtPX0/FxtpRh0SZXocUlA0LlwAS34qXARLaWlTAxRlexQTBjckDwICPChRBg49OV1BAzlyXwgMMSNeBlNqCQdJRn19Ak8OaX4XVDR9fQILHzY6SkJEaDcKUSluextCRGguQhcaPThXBR0xOxdVMG-18BUlFbmoAV14zJ0YKGn19cUJEaCNbDBN9fQIAEzskXU5Tan9aAhc8I1cUBTsnQAgbPWoAIUdpfBxXWG15BVVYbnwXVUYrLlQGBDFqACFDa3gcVEB+Og9W,d6deij4k3ikap.cloudfront.net/WZ3ZYTzIEGTYpDRMfPHILX0VqfANBHCsgXBdLMCZCKTAtPX0/FxtpRh0SZXocUlA0LlwAS34qXARLaWlTAxRlexQTBjckDwICPChRBg49OV1BAzlyXwgMMSNeBlNqCQdJRn19Ak8OaX4XVDR9fQILHzY6SkJEaDcKUSluextCRGguQhcaPThXBR0xOxdVMG-18BUlFbmoAV14zJ0YKGn19cUJEaCNbDBN9fQIAEzskXU5Tan9aAhc8I1cUBTsnQAgbPWoAIUdpfBxXWG15BVVYbnwXVUYrLlQGBDFqACFDa3gcVEB+Og9W,200,vod,"[4100, 7886]"
2023-06-19 13:45:56,d6deij4k3ikap.cloudfront.net,d6deij4k3ikap.cloudfront.net/2YUJGd3kCLSgRRhUrIkpAWXF0T0xHKDUYFxF/Kg1PGSEIMEExZDINHVx3aEJfDSMoEERHJygURFBkJxMbXHZgAhhcLykNEA0uJ1JLJ3doR1xTcm4PSFBndTVcU3IqHhcUOmNFSRl6cChPVWtjRUkAMjYbHBYnJBwQFWd0MUxSdWhET0Rwdl8SCTYrG1xTAW-NFSQ0rLRJcU3IhEhoKLW9SS1EqIxYdDSc1BBoJMCkaHERwAEZIUmx2WUxXdXRZT1JndEcKACQnBRBEcABCSlZsdUFfFH93,d6deij4k3ikap.cloudfront.net/2YUJGd3kCLSgRRhUrIkpAWXF0T0xHKDUYFxF/Kg1PGSEIMEExZDINHVx3aEJfDSMoEERHJygURFBkJxMbXHZgAhhcLykNEA0uJ1JLJ3doR1xTcm4PSFBndTVcU3IqHhcUOmNFSRl6cChPVWtjRUkAMjYbHBYnJBwQFWd0MUxSdWhET0Rwdl8SCTYrG1xTAW-NFSQ0rLRJcU3IhEhoKLW9SS1EqIxYdDSc1BBoJMCkaHERwAEZIUmx2WUxXdXRZT1JndEcKACQnBRBEcABCSlZsdUFfFH93,200,vod,"[4100, 7886]"
2023-06-19 13:45:56,pogothere.xyz,d6deij4k3ikap.cloudfront.net/2YUJGd3kCLSgRRhUrIkpAWXF0T0xHKDUYFxF/Kg1PGSEIMEExZDINHVx3aEJfDSMoEERHJygURFBkJxMbXHZgAhhcLykNEA0uJ1JLJ3doR1xTcm4PSFBndTVcU3IqHhcUOmNFSRl6cChPVWtjRUkAMjYbHBYnJBwQFWd0MUxSdWhET0Rwdl8SCTYrG1xTAW-NFSQ0rLRJcU3IhEhoKLW9SS1EqIxYdDSc1BBoJMCkaHERwAEZIUmx2WUxXdXRZT1JndEcKACQnBRBEcABCSlZsdUFfFH93,pogothere.xyz/asd100.bin,200,vod,"[7777, 7886]"
2023-06-19 13:45:56,pogothere.xyz,pogothere.xyz/,pogothere.xyz/,200,vod,"[7777, 7886]"
2023-06-19 13:45:56,tubeskagos.life,tubeskagos.life/gd/63404?md=snIhJiO1UTM0wiIzJiOigDMwgnNwAjIsIiYiojI4ADM4ZDMwICLiInI6IiIsISciojIoRHdwNnOv8iZt9mdpVmZyVWZuM3Yv8mbslmbl9yZ1FmcklWYuNXLvZWL0hWZtcWYsFGe51idvxWLz0iMwIzMvcXY0NGap52ZugGdtx2L%2FUGc9cjIsICaioDOyMjMsICbiojIl5WLVNlIsICdioTLzMDMsIieioTNwYTMsIyaioDMsISdiojIiwiImJiOmFGbzVGLiUmI6ISdjhzZiJXe09WMutWc31mIsIybioDdyVXZsISbioTM2gzM4gzMzADMzgDOsIydiojIlcjQlIjM0lGdsVWJyITJzEUJyIzR1FmcklWYuNXJyAzbmViMwQHalViMwcUYsFGe5ViMwY1bs5SJyAzMlIDMoIDMyMTKlIDMXFGdjhWJyATTvZXalViMwUiMyUiMDViMysWZ5d3byR2clIjMlMTQlUjQlUDRlIzQlIjM09Gc39mckNXJyITJzEUJ1IUJyITbvZXalNXJzEUOlIjMlIzQlIjMnVXYyRWah52clMTQ2UiMyUiMDViMyMXZyZXZyVyMBVTJyITJyMUJyIjZt9mdpV2clMTQ1UiMyUiMDViMyw2bnlmblMTQ1UiMyUiMDViMycWYsFGe5VyMBVTJyITJyMUJyIzbuxWauVWJzEENlIjMlIzQlIjMzVnYzNmcpJWZlMTQzUiMyUiMDViMyAXYzN3dvJHZlMTQzUiMyUiMDViMyk3b1JXJzE0MlIjMlIzQlIjMwxWZhNXZlMTQzUiMyUSNEVyNEJCLiAncioTMsICajJiOywiIixmI60SMsIiYjJiOzwiI2ZnI6IyRv92ZsVGIJ52YuACKH92bnxWZpICLiYnciojIB50RMVEIoc0bvdGblxCIWVHbrFmbgEjLz4CMggyU3lmZ0NFahRWZyBCRlZXajVGIoMVdipXZy9WKggCM4BDMwAzQwQURpkCLgM1dpZGdThWYkVmcgQmcpZXZyliIsISYjJiOxEDLiMGdiojI152au92duJCLiMWZ0JiOiQzZiwiIjRGbtJiOtEDLiMGZsJiO54SNsIyYyRHdioDMsICdtNnI6ETf,tubeskagos.life/gd/63404?md=snIhJiO1UTM0wiIzJiOigDMwgnNwAjIsIiYiojI4ADM4ZDMwICLiInI6IiIsISciojIoRHdwNnOv8iZt9mdpVmZyVWZuM3Yv8mbslmbl9yZ1FmcklWYuNXLvZWL0hWZtcWYsFGe51idvxWLz0iMwIzMvcXY0NGap52ZugGdtx2L%2FUGc9cjIsICaioDOyMjMsICbiojIl5WLVNlIsICdioTLzMDMsIieioTNwYTMsIyaioDMsISdiojIiwiImJiOmFGbzVGLiUmI6ISdjhzZiJXe09WMutWc31mIsIybioDdyVXZsISbioTM2gzM4gzMzADMzgDOsIydiojIlcjQlIjM0lGdsVWJyITJzEUJyIzR1FmcklWYuNXJyAzbmViMwQHalViMwcUYsFGe5ViMwY1bs5SJyAzMlIDMoIDMyMTKlIDMXFGdjhWJyATTvZXalViMwUiMyUiMDViMysWZ5d3byR2clIjMlMTQlUjQlUDRlIzQlIjM09Gc39mckNXJyITJzEUJ1IUJyITbvZXalNXJzEUOlIjMlIzQlIjMnVXYyRWah52clMTQ2UiMyUiMDViMyMXZyZXZyVyMBVTJyITJyMUJyIjZt9mdpV2clMTQ1UiMyUiMDViMyw2bnlmblMTQ1UiMyUiMDViMycWYsFGe5VyMBVTJyITJyMUJyIzbuxWauVWJzEENlIjMlIzQlIjMzVnYzNmcpJWZlMTQzUiMyUiMDViMyAXYzN3dvJHZlMTQzUiMyUiMDViMyk3b1JXJzE0MlIjMlIzQlIjMwxWZhNXZlMTQzUiMyUSNEVyNEJCLiAncioTMsICajJiOywiIixmI60SMsIiYjJiOzwiI2ZnI6IyRv92ZsVGIJ52YuACKH92bnxWZpICLiYnciojIB50RMVEIoc0bvdGblxCIWVHbrFmbgEjLz4CMggyU3lmZ0NFahRWZyBCRlZXajVGIoMVdipXZy9WKggCM4BDMwAzQwQURpkCLgM1dpZGdThWYkVmcgQmcpZXZyliIsISYjJiOxEDLiMGdiojI152au92duJCLiMWZ0JiOiQzZiwiIjRGbtJiOtEDLiMGZsJiO54SNsIyYyRHdioDMsICdtNnI6ETf,200,vod,"[7777, 7886]"
2023-06-19 13:45:56,facebook.com,www.facebook.com/login.php?next=https%3A%2F%2Fwww.facebook.com%2Ffavicon.ico%3F_rdr%3Dp,www.facebook.com/login.php?next=https%3A%2F%2Fwww.facebook.com%2Ffavicon.ico%3F_rdr%3Dp,200,vod,"[262, 3477, 7886, 5277]"
2023-06-19 13:45:56,practicalwhich.info,www.facebook.com/login.php?next=https%3A%2F%2Fwww.facebook.com%2Ffavicon.ico%3F_rdr%3Dp,practicalwhich.info/UFpMOWp/ZS9KVzQPAkw5BwwBXFs0YhR8ICgCIgAyATQaXQ9hLWpNAzRndQFZYml9Hxo5PnEITCMuLU0fI2d9HwM+PCMETCZnfRdZZHR/C0RifDkEW3YuPFgNbWtqSR4kNnEIXGhpdAFZYmN1AFhl,204,vod,[7886]
2023-06-19 13:45:56,surf.streamvid.cc,surf.streamvid.cc/J0F_fxD3JWnS9AShAwql8VGsPiql26LtUj4JqUEM5FUrg9qaNynA8KW5dfmscHHahmX3Esep3hUkVkKvUPeeBw/nLlajYzYYjp7AiZ45fiQlBrfyrf8Xk3oZ5jn_Ax3bSk/thumbnail.vtt,surf.streamvid.cc/J0F_fxD3JWnS9AShAwql8VGsPiql26LtUj4JqUEM5FUrg9qaNynA8KW5dfmscHHahmX3Esep3hUkVkKvUPeeBw/nLlajYzYYjp7AiZ45fiQlBrfyrf8Xk3oZ5jn_Ax3bSk/thumbnail.vtt,200,vod,"[4254, 7886]"
2023-06-19 13:45:56,surf.streamvid.cc,surf.streamvid.cc/lVs3is-xZmc7ULMJqZLhE2UMxwU1luudsZYOJ5Tz2AFezsG5g_HvFJmqbMnEEM86cH2Y_l6Re49VeJcvgt8Arw/BLV5nFYmlAjJJogpukr9eVcooBlJoDdHyU8eYV3FjJE/video.m3u8,surf.streamvid.cc/lVs3is-xZmc7ULMJqZLhE2UMxwU1luudsZYOJ5Tz2AFezsG5g_HvFJmqbMnEEM86cH2Y_l6Re49VeJcvgt8Arw/BLV5nFYmlAjJJogpukr9eVcooBlJoDdHyU8eYV3FjJE/video.m3u8,200,vod,"[5406, 4254, 7886]"
2023-06-19 13:45:56,gulsachpyrexia.uno,gulsachpyrexia.uno/cuid/?f=https%3A%2F%2Ffmoviefree.sc,gulsachpyrexia.uno/cuid/?f=https%3A%2F%2Ffmoviefree.sc,200,vod,"[7777, 7886]"
2023-06-19 13:45:56,surf.streamvid.cc,surf.streamvid.cc/WTqmnmwH80XbnFnCWqbEDz01Hw1tc__O11eCILbn3v5pEXbYMxGkjqBjTalZtwevsaZYY067864ajfaaTyWEUw/67sOwXsS28eR0bB6L53oNmR-eYsElKQNUu8dJPQbAYA/preview.jpg,surf.streamvid.cc/WTqmnmwH80XbnFnCWqbEDz01Hw1tc__O11eCILbn3v5pEXbYMxGkjqBjTalZtwevsaZYY067864ajfaaTyWEUw/67sOwXsS28eR0bB6L53oNmR-eYsElKQNUu8dJPQbAYA/preview.jpg,200,vod,"[2853, 4254, 7886]"
2023-06-19 13:45:56,surf.streamvid.cc,surf.streamvid.cc/lVs3is-xZmc7ULMJqZLhE2UMxwU1luudsZYOJ5Tz2AFezsG5g_HvFJmqbMnEEM86cH2Y_l6Re49VeJcvgt8Arw/BLV5nFYmlAjJJogpukr9eVcooBlJoDdHyU8eYV3FjJE/1080.m3u8,surf.streamvid.cc/lVs3is-xZmc7ULMJqZLhE2UMxwU1luudsZYOJ5Tz2AFezsG5g_HvFJmqbMnEEM86cH2Y_l6Re49VeJcvgt8Arw/BLV5nFYmlAjJJogpukr9eVcooBlJoDdHyU8eYV3FjJE/1080.m3u8,200,vod,"[4254, 7886]"
2023-06-19 13:45:56,accounts.google.com,accounts.google.com/v3/signin/identifier?dsh=S50493147%3A1687162618654684&continue=https%3A%2F%2Fwww.google.com%2Ffavicon.ico&hl=en&ifkv=Af_xneEtKytBcO0CnTj-bsZOcKOa8zp6ZgMmj8Ch49K63fpy3FtAaWrN0dwbR0I_RxQjhVxC1h5JCw&passive=true&service=mail&uilel=3&flowName=GlifWebSignIn&flowEntry=ServiceLogin,accounts.google.com/ServiceLogin?passive=true&continue=https%3A%2F%2Fwww.google.com%2Ffavicon.ico&uilel=3&hl=en&service=mail,302,vod,"[262, 7886]"
2023-06-19 13:45:56,accounts.google.com,accounts.google.com/v3/signin/identifier?dsh=S-1643426966%3A1687162620556524&continue=https%3A%2F%2Fwww.youtube.com%2Ffavicon.ico&hl=en&ifkv=Af_xneGRSdOUmfcGa-JZVQ68351OUBs9QnFhFmQKexCbgF1bdvCTcs_rGYEdM1oZo3YbvwMIQqrIkA&passive=true&service=youtube&uilel=3&flowName=GlifWebSignIn&flowEntry=ServiceLogin,accounts.google.com/ServiceLogin?passive=true&continue=https%3A%2F%2Fwww.youtube.com%2Ffavicon.ico&uilel=3&hl=en&service=youtube,302,vod,"[262, 7886]"
2023-06-19 13:45:56,accounts.google.com,accounts.google.com/v3/signin/identifier?dsh=S1443409459%3A1687162621975332&continue=https%3A%2F%2Fwww.google.com%2Ffavicon.ico&hl=en&ifkv=Af_xneFNTht2wF-BbEU48e4HfvdqnUCK5TQaxUCef86sBDbVHJ6cr5-YDpBuZm_txVwlXGA77ofByQ&passive=true&service=mail&uilel=3&flowName=GlifWebSignIn&flowEntry=ServiceLogin,accounts.google.com/InteractiveLogin?continue=https://www.google.com/favicon.ico&hl=en&passive=true&service=mail&uilel=3&ifkv=Af_xneHjyPt1ZnOGLyhm2Asxb9cUdiYGWNocbsHMr31SuQBqspH43PB5kzzr_6lN2k7MK1M8jk5ehQ,302,vod,"[262, 7886]"
2023-06-19 13:45:56,accounts.google.com,accounts.google.com/v3/signin/identifier?dsh=S806166934%3A1687162623134931&continue=https%3A%2F%2Fwww.youtube.com%2Ffavicon.ico&hl=en&ifkv=Af_xneHqRMc1v8PxvDuZNArEdfx4xe7CxraoGTBYTEl74lhQgmyhWAA4PnoO8q06iqoI6Gzr9aLd&passive=true&service=youtube&uilel=3&flowName=GlifWebSignIn&flowEntry=ServiceLogin,accounts.google.com/InteractiveLogin?continue=https://www.youtube.com/favicon.ico&hl=en&passive=true&service=youtube&uilel=3&ifkv=Af_xneEhqhOieZTA9z_lR0xaZCQroONf8ewPUtMA8RaFmt1cm2iyQiIScw9zpPb4a827tmZy4va2hA,302,vod,"[262, 7886]"
2023-06-19 13:45:56,accounts.google.com,accounts.google.com/v3/signin/identifier?dsh=S-1677116301%3A1683884347049648&continue=https%3A%2F%2Fwww.google.com%2Ffavicon.ico&hl=en&ifkv=Af_xneFXVf5f_jZOYWHSC0mQDdeJbnRyT0YeTpwAYRp6qODKdCYuAsfO47fChIpsoDnvpAYPxxPw&passive=true&service=mail&uilel=3&flowName=WebLiteSignIn&flowEntry=ServiceLogin,accounts.google.com/v3/signin/identifier?dsh=S-1677116301%3A1683884347049648&continue=https%3A%2F%2Fwww.google.com%2Ffavicon.ico&hl=en&ifkv=Af_xneFXVf5f_jZOYWHSC0mQDdeJbnRyT0YeTpwAYRp6qODKdCYuAsfO47fChIpsoDnvpAYPxxPw&passive=true&service=mail&uilel=3&flowName=WebLiteSignIn&flowEntry=ServiceLogin,403,vod,"[262, 3477, 7886]"
2023-06-19 13:45:56,accounts.google.com,accounts.google.com/v3/signin/identifier?dsh=S-334649862%3A1683884347140473&continue=https%3A%2F%2Fwww.youtube.com%2Ffavicon.ico&hl=en&ifkv=Af_xneGvKi6OCJYOEBrZTJgMpK0nSscg0G7uCarSH73RPJsTalrQ3J1i68pDhDDbnPiabKrSLp-W&passive=true&service=youtube&uilel=3&flowName=WebLiteSignIn&flowEntry=ServiceLogin,accounts.google.com/v3/signin/identifier?dsh=S-334649862%3A1683884347140473&continue=https%3A%2F%2Fwww.youtube.com%2Ffavicon.ico&hl=en&ifkv=Af_xneGvKi6OCJYOEBrZTJgMpK0nSscg0G7uCarSH73RPJsTalrQ3J1i68pDhDDbnPiabKrSLp-W&passive=true&service=youtube&uilel=3&flowName=WebLiteSignIn&flowEntry=ServiceLogin,403,vod,"[262, 3477, 7886]"
2023-06-19 13:45:56,practicalwhich.info,accounts.google.com/v3/signin/identifier?dsh=S-334649862%3A1683884347140473&continue=https%3A%2F%2Fwww.youtube.com%2Ffavicon.ico&hl=en&ifkv=Af_xneGvKi6OCJYOEBrZTJgMpK0nSscg0G7uCarSH73RPJsTalrQ3J1i68pDhDDbnPiabKrSLp-W&passive=true&service=youtube&uilel=3&flowName=WebLiteSignIn&flowEntry=ServiceLogin,practicalwhich.info/eW91RGFWUBY3XDcqMw4zST47ISlAFxEVJ0wKRg4WOFwRfAIXGFMwCB1STHxSS1dAYhEQC0h1WV8cASUVDBxIdUcQARMrXF8ZSHVPSUFHalJfGkh1Rw0fFCNcSEkFMBUVUkRyWUpXTXdTQFZMclU,204,vod,[7886]
2023-06-19 13:45:56,practicalwhich.info,practicalwhich.info/popunder.gif,practicalwhich.info/popunder.gif,200,vod,"[2853, 7886]"
2023-06-19 13:45:56,practicalwhich.info,practicalwhich.info/popunder.gif,practicalwhich.info/S2dXVnBkWDQlTRpVEQAmHg9hASczADQOIh89ABhGLyEzOyp4InEiGS9abm5DeVRmcAAiA2pnVjgTNiIFOFpkZkB6QT44FiRaZ2ZAe0Eha0FlVGN4Q3lJZXAFdlZhYEF+X2BhR3JVbmZCc1RxIgAqAGpnVjsTIzpNelFvZUhzVGRmRHxQYA,204,vod,[7886]
2023-06-19 13:45:56,practicalwhich.info,practicalwhich.info/popunder.gif,practicalwhich.info/MTdBMUMeCCJCflViNQcgdm0AVwZdcxRkO0tkKnMQYH8pfhEAfmdFKlUKeAlwAwRwFzNYU3wAZUJDIEU2QgpyFypfUS4MLl5CMlQnXkAvFzUMBm8Cdx8Ecx9xF0J8AHUHBnQJdAYAeAN6AQV5AmVFRyBWfgARMUU3XQpwB3sCD3kCcAAHcQly,204,vod,[7886]
2023-06-19 13:45:56,practicalwhich.info,practicalwhich.info/popunder.gif,practicalwhich.info/aXlwcjVGRhMBCAo9FB9XMSM2M3M/HCEnXjkvHEN2OygiIWICMFYGXA1ESUoGW0pBVEUAHU1DExoNEQZAGkRFVFwHHx9PEx9EQVwGXVdDQBtbXwVPBF9PQUcNXk5HSwdQSUJKBk8NABNSVEhWAkEdFU1DA1FKSEoGWkhAQwVb,204,vod,[7886]
2023-06-19 13:45:56,ntoftheusysianedt.info,saltstem.site/4f180ea3d8,ntoftheusysianedt.info/?cs=cjRwclJHA0NBZUsMQEJmRwdERWY&abt=0&red=1&sm=16&k=&v=1.34.32.2&sts=0&prn=0&emb=1&tid=983231&rxy=800_600&inc=0&u=1661587779290283&agec=1683884344&fs=1&mbkb=61.72839506172839&ref=https%3A%2F%2Fstreamvid.cc%2Fplayer%2FL23Wy4q4Vvk4qgt%2F&osr=fmoviefree.sc&jst=8&enr=0&lcua=mozilla%2F5.0%20(x11%3B%20linux%20x86_64)%20applewebkit%2F537.36%20(khtml%2C%20like%20gecko)%20headlesschrome%2F113.0.5672.63%20safari%2F537.36&tzd=5.5&uloc=&if=0&ct=2&ctc=9&_Ppzk=1683883310086&utr1=00:00:10&utr2=1&utr3=0&utr4=0&utr5=0&utr6=0&utr7=0,204,vod,"[7777, 4254, 7886]"
2023-06-19 13:45:56,surf.streamvid.cc,saltstem.site/4f180ea3d8,surf.streamvid.cc/tsfiles/IAFADCAC/1080K/2023/DCEEDEAA/05/CAEBIBFI/05/BADFBDAB/45791-000.ts,200,vod,"[5406, 4254, 7886]"
2023-06-19 13:45:56,surf.streamvid.cc,saltstem.site/4f180ea3d8,surf.streamvid.cc/tsfiles/IAFADCAC/1080K/2023/DCEEDEAA/05/CAEBIBFI/05/BADFBDAB/45791-001.ts,200,vod,"[5406, 4254, 7886]"
2023-06-19 13:45:56,surf.streamvid.cc,saltstem.site/4f180ea3d8,surf.streamvid.cc/tsfiles/IAFADCAC/1080K/2023/DCEEDEAA/05/CAEBIBFI/05/BADFBDAB/45791-002.ts,200,vod,"[5406, 4254, 7886]"
2023-06-19 13:45:56,surf.streamvid.cc,saltstem.site/4f180ea3d8,surf.streamvid.cc/tsfiles/IAFADCAC/1080K/2023/DCEEDEAA/05/CAEBIBFI/05/BADFBDAB/45791-003.ts,200,vod,"[5406, 4254, 7886]"
2023-06-19 13:45:56,surf.streamvid.cc,saltstem.site/4f180ea3d8,surf.streamvid.cc/tsfiles/IAFADCAC/1080K/2023/DCEEDEAA/05/CAEBIBFI/05/BADFBDAB/45791-004.ts,200,vod,"[5406, 4254, 7886]"
2023-06-19 13:45:56,surf.streamvid.cc,saltstem.site/4f180ea3d8,surf.streamvid.cc/tsfiles/IAFADCAC/1080K/2023/DCEEDEAA/05/CAEBIBFI/05/BADFBDAB/45791-005.ts,200,vod,"[5406, 4254, 7886]"
2023-06-19 13:45:56,unmistdistune.guru,unmistdistune.guru/rf/63404,unmistdistune.guru/rf/63404,200,vod,[7886]
2023-06-19 13:45:56,surf.streamvid.cc,unmistdistune.guru/rf/63404,surf.streamvid.cc/tsfiles/IAFADCAC/1080K/2023/DCEEDEAA/05/CAEBIBFI/05/BADFBDAB/45791-006.ts,200,vod,"[5406, 4254, 7886]"
2023-06-19 13:45:56,surf.streamvid.cc,unmistdistune.guru/rf/63404,surf.streamvid.cc/tsfiles/IAFADCAC/1080K/2023/DCEEDEAA/05/CAEBIBFI/05/BADFBDAB/45791-007.ts,200,vod,"[5406, 4254, 7886]"
2023-06-19 13:45:56,surf.streamvid.cc,unmistdistune.guru/rf/63404,surf.streamvid.cc/tsfiles/IAFADCAC/1080K/2023/DCEEDEAA/05/CAEBIBFI/05/BADFBDAB/45791-008.ts,200,vod,"[5406, 4254, 7886]"
2023-06-19 13:45:56,surf.streamvid.cc,unmistdistune.guru/rf/63404,surf.streamvid.cc/tsfiles/IAFADCAC/1080K/2023/DCEEDEAA/05/CAEBIBFI/05/BADFBDAB/45791-009.ts,200,vod,"[5406, 4254, 7886]"
2023-06-19 13:45:56,surf.streamvid.cc,unmistdistune.guru/rf/63404,surf.streamvid.cc/tsfiles/IAFADCAC/1080K/2023/DCEEDEAA/05/CAEBIBFI/05/BADFBDAB/45791-010.ts,200,vod,"[5406, 4254, 7886]"
2023-06-19 13:45:56,streamvid.cc,streamvid.cc/templates/jwplayer/assets/jwplayer.js?1683884503,streamvid.cc/templates/jwplayer/assets/jwplayer.js?1683884503,200,vod,"[637, 4254, 7886]"
2023-06-19 13:45:56,graph.facebook.com,graph.facebook.com/?id=https://fmoviefree.sc/online/guardians-of-the-galaxy-vol-3-2023/&callback=jQuery191023419822865589923_1683883458509&_=1683883458510,graph.facebook.com/?id=https://fmoviefree.sc/online/guardians-of-the-galaxy-vol-3-2023/&callback=jQuery191023419822865589923_1683883458509&_=1683883458510,200,vod,"[7886, 5277]"
2023-06-19 13:45:56,google-analytics.com,www.google-analytics.com/j/collect?v=1&_v=j100&a=1730422038&t=pageview&_s=1&dl=https%3A%2F%2Ffmoviefree.sc%2Fonline%2Fguardians-of-the-galaxy-vol-3-2023%2Fwatching.html%2F%3Fep%3D7&ul=en-us&de=UTF-8&dt=Guardians%20of%20the%20Galaxy%20Vol.%203%20(2023)%20Watch%20Movie%20Online%20-%20Fmoviesfree&sd=24-bit&sr=800x600&vp=785x600&je=0&_u=YEBAAUABAAAAACAAI~&jid=1994546038&gjid=636512616&cid=1219365895.1683883462&tid=UA-110551045-1&_gid=618895546.1683883462&_r=1&gtm=457e35a0&jsscut=1&z=966933150,www.google-analytics.com/j/collect?v=1&_v=j100&a=1730422038&t=pageview&_s=1&dl=https%3A%2F%2Ffmoviefree.sc%2Fonline%2Fguardians-of-the-galaxy-vol-3-2023%2Fwatching.html%2F%3Fep%3D7&ul=en-us&de=UTF-8&dt=Guardians%20of%20the%20Galaxy%20Vol.%203%20(2023)%20Watch%20Movie%20Online%20-%20Fmoviesfree&sd=24-bit&sr=800x600&vp=785x600&je=0&_u=YEBAAUABAAAAACAAI~&jid=1994546038&gjid=636512616&cid=1219365895.1683883462&tid=UA-110551045-1&_gid=618895546.1683883462&_r=1&gtm=457e35a0&jsscut=1&z=966933150,200,vod,"[5964, 4787, 7886]"
2023-06-19 13:45:56,ntoftheusysianedt.info,ntoftheusysianedt.info/UmV1cjQzBxYfCzNYF1RBIAlIVwYUQEc0UGQBEBteZg5GG18zFVsRWD0QERRGPQsBXFo3EVBAcj43PTBmHTEwHHwoXBM2XhM/OyNlGwMwPF4RAjcbczsvIipOACszJHoaLycCWTMjEgR9ATA8J3MbID5DBB8GI0dfGlRFHnw4PDA0TRcAOBVlEzwdNwUFEg0FYjszPypdays7NwUELA0/QwMzJAt8YQE4J3w5ASUZegsuNwVDGiQ4MWYKXT80fAgkECdxEwEjJF03HSdAZRZUJCpOFywRM0cQNTAaWggCEQVjCjQ5M2cHJDwkYgcoDSdOBwkSBWIFSDtXBhQnPRZ8NBIaOm0HLx03Yj0WNzZMBCM9K042JAYwfxAOQyp2AFckNm4xMBxKUjcnAjZQEAJFJXIHCjMhfhkwHAV3AgknJ20HLC0xdRBWLR9xCic9OHwLHRY6UGMzHzFhGwkzGHYeMjI0dxQSAjFXY1AcNkwxHSEldXQPBh1aIlgxGEIzD0IjXTk0AUNV,ntoftheusysianedt.info/UmV1cjQzBxYfCzNYF1RBIAlIVwYUQEc0UGQBEBteZg5GG18zFVsRWD0QERRGPQsBXFo3EVBAcj43PTBmHTEwHHwoXBM2XhM/OyNlGwMwPF4RAjcbczsvIipOACszJHoaLycCWTMjEgR9ATA8J3MbID5DBB8GI0dfGlRFHnw4PDA0TRcAOBVlEzwdNwUFEg0FYjszPypdays7NwUELA0/QwMzJAt8YQE4J3w5ASUZegsuNwVDGiQ4MWYKXT80fAgkECdxEwEjJF03HSdAZRZUJCpOFywRM0cQNTAaWggCEQVjCjQ5M2cHJDwkYgcoDSdOBwkSBWIFSDtXBhQnPRZ8NBIaOm0HLx03Yj0WNzZMBCM9K042JAYwfxAOQyp2AFckNm4xMBxKUjcnAjZQEAJFJXIHCjMhfhkwHAV3AgknJ20HLC0xdRBWLR9xCic9OHwLHRY6UGMzHzFhGwkzGHYeMjI0dxQSAjFXY1AcNkwxHSEldXQPBh1aIlgxGEIzD0IjXTk0AUNV,200,vod,"[7777, 7886]"
2023-06-19 13:45:56,ntoftheusysianedt.info,ntoftheusysianedt.info/MG9OcUdRDS0ceFFSLFcyQgNzVHV2Snw3IwYLKxgtBAR9GCxRH2ASK18aKhc1XwE6XylVG2tDAQIiNDcQajp3IB9aCAoSAlQ2Ax0vAiw5OyxoNyEnEEk6BTgSfSIDJQZ2OH8WLH0nIjAWZy4jPitXNwcZf0IrKSNzZSgiFxJ0CA0SL2Y6ATAdSS4mEnRxPH4+BWguHz0gBQwBI39dN39BdGEnf0AFeAcYECB1LSgZdhVdDDAvYgMEQyhyLhoeCnk6FDskAQtrQwFjGCIWCF4EBjYPfjcoQA1yJSkaNmIpH0EDWTUGNwBhBSsWBncKCCtydggAHBNjPSwjEx0cBBAgdhYtQCMVXQgpdldWDzYoci4aNAZ8KSYUIQAtdzB2WxUMMjNWOQ0kEHwpOjUIYQg/NyB9Phg5c3EnfCsLVQgbNh11G3swBWIEGCU/Yzk0Eh96Bxc1AnYtdjMFCQMbQyt3KwkSYVocIR83DQgbOy9ZHRtHNEBZDQQs,ntoftheusysianedt.info/MG9OcUdRDS0ceFFSLFcyQgNzVHV2Snw3IwYLKxgtBAR9GCxRH2ASK18aKhc1XwE6XylVG2tDAQIiNDcQajp3IB9aCAoSAlQ2Ax0vAiw5OyxoNyEnEEk6BTgSfSIDJQZ2OH8WLH0nIjAWZy4jPitXNwcZf0IrKSNzZSgiFxJ0CA0SL2Y6ATAdSS4mEnRxPH4+BWguHz0gBQwBI39dN39BdGEnf0AFeAcYECB1LSgZdhVdDDAvYgMEQyhyLhoeCnk6FDskAQtrQwFjGCIWCF4EBjYPfjcoQA1yJSkaNmIpH0EDWTUGNwBhBSsWBncKCCtydggAHBNjPSwjEx0cBBAgdhYtQCMVXQgpdldWDzYoci4aNAZ8KSYUIQAtdzB2WxUMMjNWOQ0kEHwpOjUIYQg/NyB9Phg5c3EnfCsLVQgbNh11G3swBWIEGCU/Yzk0Eh96Bxc1AnYtdjMFCQMbQyt3KwkSYVocIR83DQgbOy9ZHRtHNEBZDQQs,200,vod,"[7777, 7886]"
2023-06-19 13:45:56,ntoftheusysianedt.info,ntoftheusysianedt.info/MG9OcUdRDS0ceFFSLFcyQgNzVHV2Snw3IwYLKxgtBAR9GCxRH2ASK18aKhc1XwE6XylVG2tDAQIiNDcQajp3IB9aCAoSAlQ2Ax0vAiw5OyxoNyEnEEk6BTgSfSIDJQZ2OH8WLH0nIjAWZy4jPitXNwcZf0IrKSNzZSgiFxJ0CA0SL2Y6ATAdSS4mEnRxPH4+BWguHz0gBQwBI39dN39BdGEnf0AFeAcYECB1LSgZdhVdDDAvYgMEQyhyLhoeCnk6FDskAQtrQwFjGCIWCF4EBjYPfjcoQA1yJSkaNmIpH0EDWTUGNwBhBSsWBncKCCtydggAHBNjPSwjEx0cBBAgdhYtQCMVXQgpdldWDzYoci4aNAZ8KSYUIQAtdzB2WxUMMjNWOQ0kEHwpOjUIYQg/NyB9Phg5c3EnfCsLVQgbNh11G3swBWIEGCU/Yzk0Eh96Bxc1AnYtdjMFCQMbQyt3KwkSYVocIR83DQgbOy9ZHRtHNEBZDQQs,ntoftheusysianedt.info/utx?cb=ZJkZ9S1o7bBJ&top=streamvid.cc&tid=983231,204,vod,"[7777, 4254, 7886]"
2023-06-19 13:45:56,d6deij4k3ikap.cloudfront.net,d6deij4k3ikap.cloudfront.net/lRHBROTEnHz9fDjAZNQQIfENjCgBiGiJWXzRNFVNHJRpmaFgvISUIUGIEK10McV5kH10lHjYEFyEeMgQAYhE1WwxwViVJXi9NNE1VIxMwQVQyH3dMUHkdPkNYKBwwHAMCRX8JFHZAeUEAdVViexR2QD1QXzEIdAsBPEhnZgdwWXQLASUAIVVUMxUzUlgwVW-N/BHdHfwoHYUJhEVosBDxVFHYzdAsBKBk6XBR2QDZcUi8feBwDdBg0WFUoFSJKUiwCPlRUYUIXCAB3XmEXBHJHYxcHd1VjCUIlFjBLWGFCFwwCc15iDxcxTWA,d6deij4k3ikap.cloudfront.net/lRHBROTEnHz9fDjAZNQQIfENjCgBiGiJWXzRNFVNHJRpmaFgvISUIUGIEK10McV5kH10lHjYEFyEeMgQAYhE1WwxwViVJXi9NNE1VIxMwQVQyH3dMUHkdPkNYKBwwHAMCRX8JFHZAeUEAdVViexR2QD1QXzEIdAsBPEhnZgdwWXQLASUAIVVUMxUzUlgwVW-N/BHdHfwoHYUJhEVosBDxVFHYzdAsBKBk6XBR2QDZcUi8feBwDdBg0WFUoFSJKUiwCPlRUYUIXCAB3XmEXBHJHYxcHd1VjCUIlFjBLWGFCFwwCc15iDxcxTWA,200,vod,"[4100, 7886]"
2023-06-19 13:45:56,d6deij4k3ikap.cloudfront.net,d6deij4k3ikap.cloudfront.net/2MzFWZU9QXjgDcEdYMlh2CwJkXXoVWyUKIUMMMTAFW1gkMHlAQWAmOlgXIh8rDgR4UGlfUDgCchVUOAZyAhc3AS0OBXAQLg5cOR8mX103QH11BHhVagEBfh1+AhRlJ2oBAToMIUZJc1d/SwlgOnkHGHNXf1JBJgkqRFQ0DiZHFGQjegAGeFZ5FgNmTSRbRT-sJagFyc1d/X1g9AGoBATEALFhef0B9A1kzBCtfVCUWLFtDOQgqFgMQVH4AH2ZLegUGZEt5ABRkVTxSVzcXJhYDEFB8BB9lU2lGDGc,d6deij4k3ikap.cloudfront.net/2MzFWZU9QXjgDcEdYMlh2CwJkXXoVWyUKIUMMMTAFW1gkMHlAQWAmOlgXIh8rDgR4UGlfUDgCchVUOAZyAhc3AS0OBXAQLg5cOR8mX103QH11BHhVagEBfh1+AhRlJ2oBAToMIUZJc1d/SwlgOnkHGHNXf1JBJgkqRFQ0DiZHFGQjegAGeFZ5FgNmTSRbRT-sJagFyc1d/X1g9AGoBATEALFhef0B9A1kzBCtfVCUWLFtDOQgqFgMQVH4AH2ZLegUGZEt5ABRkVTxSVzcXJhYDEFB8BB9lU2lGDGc,200,vod,"[4100, 7886]"
2023-06-19 13:45:56,practicalwhich.info,d6deij4k3ikap.cloudfront.net/2MzFWZU9QXjgDcEdYMlh2CwJkXXoVWyUKIUMMMTAFW1gkMHlAQWAmOlgXIh8rDgR4UGlfUDgCchVUOAZyAhc3AS0OBXAQLg5cOR8mX103QH11BHhVagEBfh1+AhRlJ2oBAToMIUZJc1d/SwlgOnkHGHNXf1JBJgkqRFQ0DiZHFGQjegAGeFZ5FgNmTSRbRT-sJagFyc1d/X1g9AGoBATEALFhef0B9A1kzBCtfVCUWLFtDOQgqFgMQVH4AH2ZLegUGZEt5ABRkVTxSVzcXJhYDEFB8BB9lU2lGDGc,practicalwhich.info/RDdQMWhrCDNCVR4EHlw/LwY1Yy4WRjR3LgxhBwhdEgceYAl3B3ZFASAKaQlbdgRhFxgtU20ATjdDMUUdNwphFwEqUT8MTjIKYR9bcBljA0Z2ESUMWWJDIFAPeQZ2QRwwW20AXnwEaAlbcAFhCF1y,204,vod,[7886]
2023-06-19 13:45:56,tubeskagos.life,tubeskagos.life/gd/63404?md=weiEmI6MTOxIDLiMnI6ICOwADe2ADMiwiIiJiOigDMwgnNwAjIsIiciojIiwiIxJiOigGd0B3c68yLm12b2lWZmJXZl5ycj9ybuxWauV2LnVXYyRWah52ct8mZtQHal1yZhxWY4lXL29GbtMTLyAjMz8ydhR3Yolmbn5Ca01Gbv8TZw1zNiwiIoJiO3gDMwwiIsJiOiUmbtU1UiwiI0JiOtMzMwwiI6JiOyIjMxwiIrJiOwwiI1JiOiICLiYmI6YWYsNXZsISZiojI3ZzMllTeuVXamN2bxRjYiwiIvJiO0JXdlxiItJiOxYDOzgDOzQjNzETMxwiI3JiOiUyNCViMyQXa0xWZlIjMlMTQlIjMHVXYyRWah52clIDMvZWJyADdoVWJyAzRhxWY4lXJyAjVvxmLlIDMzUiMwgiMwIzMpUiMwcVY0NGalIDMN9mdpVWJyATJyITJyMUJyIzall3dvJHZzViMyUyMBVSNCVSNEViMDViMyQ3bwd3byR2clIjMlMTQlUjQlIjMt9mdpV2clMTQ5UiMyUiMDViMycWdhJHZpFmbzVyMBZTJyITJyMUJyIzclJndlJXJzEUNlIjMlIzQlIjMm12b2lWZzVyMBVTJyITJyMUJyIDbvdWauVyMBVTJyITJyMUJyIzZhxWY4lXJzEUNlIjMlIzQlIjMv5Gbp5WZlMTQ0UiMyUiMDViMyMXdiN3YylmYlVyMBNTJyITJyMUJyIDchN3c39mckVyMBNTJyITJyMUJyITevVnclMTQzUiMyUiMDViMyAHblF2clVyMBNTJyITJ1QUJ3QkIsICcyJiOxwiIoNmI6IDLiIGbioTLxwiIiNmI6MDLiYndiojIH92bnxWZgkkbj5CIoc0bvdGblliIsIidyJiOiEkTHxURggyRv92ZsVGLgYVdstWYuBSMuMjLwACKTdXamR3UoFGZlJHIEVmdpNWZggyU1JmelJ3bpACKwgHMwADMDBDRFlSKsAyU3lmZ0NFahRWZyBCZylmdlJXKiwiIhNmI6ETMsIyY0JiOiUnbr52b35mIsIyYlRnI6ICNnJCLiMGZs1mI60SMsIyYkxmI6EDMsIyYyRHdioDMsICdtNnI6ETf,tubeskagos.life/gd/63404?md=weiEmI6MTOxIDLiMnI6ICOwADe2ADMiwiIiJiOigDMwgnNwAjIsIiciojIiwiIxJiOigGd0B3c68yLm12b2lWZmJXZl5ycj9ybuxWauV2LnVXYyRWah52ct8mZtQHal1yZhxWY4lXL29GbtMTLyAjMz8ydhR3Yolmbn5Ca01Gbv8TZw1zNiwiIoJiO3gDMwwiIsJiOiUmbtU1UiwiI0JiOtMzMwwiI6JiOyIjMxwiIrJiOwwiI1JiOiICLiYmI6YWYsNXZsISZiojI3ZzMllTeuVXamN2bxRjYiwiIvJiO0JXdlxiItJiOxYDOzgDOzQjNzETMxwiI3JiOiUyNCViMyQXa0xWZlIjMlMTQlIjMHVXYyRWah52clIDMvZWJyADdoVWJyAzRhxWY4lXJyAjVvxmLlIDMzUiMwgiMwIzMpUiMwcVY0NGalIDMN9mdpVWJyATJyITJyMUJyIzall3dvJHZzViMyUyMBVSNCVSNEViMDViMyQ3bwd3byR2clIjMlMTQlUjQlIjMt9mdpV2clMTQ5UiMyUiMDViMycWdhJHZpFmbzVyMBZTJyITJyMUJyIzclJndlJXJzEUNlIjMlIzQlIjMm12b2lWZzVyMBVTJyITJyMUJyIDbvdWauVyMBVTJyITJyMUJyIzZhxWY4lXJzEUNlIjMlIzQlIjMv5Gbp5WZlMTQ0UiMyUiMDViMyMXdiN3YylmYlVyMBNTJyITJyMUJyIDchN3c39mckVyMBNTJyITJyMUJyITevVnclMTQzUiMyUiMDViMyAHblF2clVyMBNTJyITJ1QUJ3QkIsICcyJiOxwiIoNmI6IDLiIGbioTLxwiIiNmI6MDLiYndiojIH92bnxWZgkkbj5CIoc0bvdGblliIsIidyJiOiEkTHxURggyRv92ZsVGLgYVdstWYuBSMuMjLwACKTdXamR3UoFGZlJHIEVmdpNWZggyU1JmelJ3bpACKwgHMwADMDBDRFlSKsAyU3lmZ0NFahRWZyBCZylmdlJXKiwiIhNmI6ETMsIyY0JiOiUnbr52b35mIsIyYlRnI6ICNnJCLiMGZs1mI60SMsIyYkxmI6EDMsIyYyRHdioDMsICdtNnI6ETf,200,vod,"[7777, 7886]"
2023-06-19 13:45:56,surf.streamvid.cc,surf.streamvid.cc/X9Uoipx9damEfe4bXZusIDVl-KH65noSZ6vZbhlX9HhzYe_wQtXKpmt3NSC7HG2QVmJ3B9VtvwpjSOGSqIE-Vw/YJ6ClI5P4j7Jp2aY_VwyDO02eeS8mPxye_E8kGiSOJU/thumbnail.vtt,surf.streamvid.cc/X9Uoipx9damEfe4bXZusIDVl-KH65noSZ6vZbhlX9HhzYe_wQtXKpmt3NSC7HG2QVmJ3B9VtvwpjSOGSqIE-Vw/YJ6ClI5P4j7Jp2aY_VwyDO02eeS8mPxye_E8kGiSOJU/thumbnail.vtt,200,vod,"[4254, 7886]"
2023-06-19 13:45:56,surf.streamvid.cc,surf.streamvid.cc/WuBwonnFpfTe9lwEqh-4gvl6ZAUp6mbyLgJB1lAuH8spuGfYLEifBEeJObwpykGnBa0GT7TG_Lo6-VVFHvvpYw/fT0jl0sb537fy53nlPCTQa0JAyveMfiVqRpQkM9h6jU/video.m3u8,surf.streamvid.cc/WuBwonnFpfTe9lwEqh-4gvl6ZAUp6mbyLgJB1lAuH8spuGfYLEifBEeJObwpykGnBa0GT7TG_Lo6-VVFHvvpYw/fT0jl0sb537fy53nlPCTQa0JAyveMfiVqRpQkM9h6jU/video.m3u8,200,vod,"[5406, 4254, 7886]"
2023-06-19 13:45:56,surf.streamvid.cc,surf.streamvid.cc/2tjqnYWF_iXpnxHwJwDj1m_HuOqLhgUruaH4t4CEqxIN2K1VtTb2FNNWHdqHF9elLehOLTJV8DBLybX7Ey9dnw/lu2VgQeQivQeSn5MP5jUJ-AHjlbe6Dk-Nz_lKGzkJxI/preview.jpg,surf.streamvid.cc/2tjqnYWF_iXpnxHwJwDj1m_HuOqLhgUruaH4t4CEqxIN2K1VtTb2FNNWHdqHF9elLehOLTJV8DBLybX7Ey9dnw/lu2VgQeQivQeSn5MP5jUJ-AHjlbe6Dk-Nz_lKGzkJxI/preview.jpg,200,vod,"[2853, 4254, 7886]"
2023-06-19 13:45:56,surf.streamvid.cc,surf.streamvid.cc/WuBwonnFpfTe9lwEqh-4gvl6ZAUp6mbyLgJB1lAuH8spuGfYLEifBEeJObwpykGnBa0GT7TG_Lo6-VVFHvvpYw/fT0jl0sb537fy53nlPCTQa0JAyveMfiVqRpQkM9h6jU/1080.m3u8,surf.streamvid.cc/WuBwonnFpfTe9lwEqh-4gvl6ZAUp6mbyLgJB1lAuH8spuGfYLEifBEeJObwpykGnBa0GT7TG_Lo6-VVFHvvpYw/fT0jl0sb537fy53nlPCTQa0JAyveMfiVqRpQkM9h6jU/1080.m3u8,200,vod,"[4254, 7886]"
2023-06-19 13:45:56,accounts.google.com,accounts.google.com/v3/signin/identifier?dsh=S604950134%3A1687162649131505&continue=https%3A%2F%2Fwww.google.com%2Ffavicon.ico&hl=en&ifkv=Af_xneGa6z7yQMX7E3s_8I84dTPBDFKmb7oNn_zcTxv9w6jp8O7U_B9giWNCrRT7CU5AYkpa_lUl&passive=true&service=mail&uilel=3&flowName=GlifWebSignIn&flowEntry=ServiceLogin,accounts.google.com/InteractiveLogin?continue=https://www.google.com/favicon.ico&hl=en&passive=true&service=mail&uilel=3&ifkv=Af_xneGoBBQyEnu_s3AS4ZwxqCkVGe9GXylOswEAOYi97N1hMymHtwiWydMjNYo0HRkDt4Rpxtfvng,302,vod,"[262, 7886]"
2023-06-19 13:45:56,accounts.google.com,accounts.google.com/v3/signin/identifier?dsh=S-1895455499%3A1687162650042814&continue=https%3A%2F%2Fwww.youtube.com%2Ffavicon.ico&hl=en&ifkv=Af_xneE2Y5SYT7qFvJWa-6yCaQ0NjFdf4kwCWCsvJSLuHs4F_wK7QAvNx3rmpm4QPGtM8lXF-BML&passive=true&service=youtube&uilel=3&flowName=GlifWebSignIn&flowEntry=ServiceLogin,accounts.google.com/InteractiveLogin?continue=https://www.youtube.com/favicon.ico&hl=en&passive=true&service=youtube&uilel=3&ifkv=Af_xneEAg6N1P8rULxepjnQhrx77aan21kEr4INvXCQ1vtfpd8C4-vx2628BOMlUXDuWZ66BVhdxMw,302,vod,"[262, 7886]"
2023-06-19 13:45:56,accounts.google.com,accounts.google.com/v3/signin/identifier?dsh=S1359015976%3A1683884508790924&continue=https%3A%2F%2Fwww.google.com%2Ffavicon.ico&hl=en&ifkv=Af_xneG7nIUBBAPioVj7u9hF3A_BJv-gC-3Fve3nhKKC4MjgHVWVd0rZenbQJrY2xxvg3VEt8alkMQ&passive=true&service=mail&uilel=3&flowName=WebLiteSignIn&flowEntry=ServiceLogin,accounts.google.com/v3/signin/identifier?dsh=S1359015976%3A1683884508790924&continue=https%3A%2F%2Fwww.google.com%2Ffavicon.ico&hl=en&ifkv=Af_xneG7nIUBBAPioVj7u9hF3A_BJv-gC-3Fve3nhKKC4MjgHVWVd0rZenbQJrY2xxvg3VEt8alkMQ&passive=true&service=mail&uilel=3&flowName=WebLiteSignIn&flowEntry=ServiceLogin,403,vod,"[262, 3477, 7886]"
2023-06-19 13:45:56,accounts.google.com,accounts.google.com/v3/signin/identifier?dsh=S1292022133%3A1683884508909056&continue=https%3A%2F%2Fwww.youtube.com%2Ffavicon.ico&hl=en&ifkv=Af_xneG3Du-pHx7ROi56VPGlo-uhFnimxD-DvUQQNwFz7JCqaJq9psjMagNU9AtyyYPVBmaA_-AXDw&passive=true&service=youtube&uilel=3&flowName=WebLiteSignIn&flowEntry=ServiceLogin,accounts.google.com/v3/signin/identifier?dsh=S1292022133%3A1683884508909056&continue=https%3A%2F%2Fwww.youtube.com%2Ffavicon.ico&hl=en&ifkv=Af_xneG3Du-pHx7ROi56VPGlo-uhFnimxD-DvUQQNwFz7JCqaJq9psjMagNU9AtyyYPVBmaA_-AXDw&passive=true&service=youtube&uilel=3&flowName=WebLiteSignIn&flowEntry=ServiceLogin,403,vod,"[262, 3477, 7886]"
2023-06-19 13:45:56,practicalwhich.info,accounts.google.com/v3/signin/identifier?dsh=S1292022133%3A1683884508909056&continue=https%3A%2F%2Fwww.youtube.com%2Ffavicon.ico&hl=en&ifkv=Af_xneG3Du-pHx7ROi56VPGlo-uhFnimxD-DvUQQNwFz7JCqaJq9psjMagNU9AtyyYPVBmaA_-AXDw&passive=true&service=youtube&uilel=3&flowName=WebLiteSignIn&flowEntry=ServiceLogin,practicalwhich.info/UTFBYzB+DiIQDTNmGBlmBEknNkcXQidSWABzc1IVY3cXJXkUaAlbFiVYJV4JaQJzWwV3QSgHDWAJZxBEMEU0EA1gFygNVj4MZxUNYB9xTQJ/AmcWDWAXNRNRNgxwRUAlRS1eAWcJclsIYgV3UQBkBA,204,vod,[7886]
2023-06-19 13:45:56,practicalwhich.info,accounts.google.com/v3/signin/identifier?dsh=S1292022133%3A1683884508909056&continue=https%3A%2F%2Fwww.youtube.com%2Ffavicon.ico&hl=en&ifkv=Af_xneG3Du-pHx7ROi56VPGlo-uhFnimxD-DvUQQNwFz7JCqaJq9psjMagNU9AtyyYPVBmaA_-AXDw&passive=true&service=youtube&uilel=3&flowName=WebLiteSignIn&flowEntry=ServiceLogin,practicalwhich.info/Yms4VkNNVFslfi0samchDD5yAxY4DWoXcjM/fjINIQd+FBsJLh4iKgZWAW5wUFgJcDMLDwVnZREfWSI2EVYLcCoMDVdrLg0eSzMnDRxWcDVfWhZld0xYCnhxRB4FZ3FbXg5vdFpaC2dyUVoMZ2UWG1kxflNNSCI3DlYJYHtRUwBld1VZC2d3,204,vod,[7886]
2023-06-19 13:45:56,ntoftheusysianedt.info,p17596.nonotro.name/v2/a/pop/imp?s=260&_=be760efc-0e79-11ee-94e4-6d035d7a4da2&d=BQ5qQHPempf-kjnhPQcnL5ck3PC38PzRDdSdHdvbDGNNhe6G7E2olCr1sVSY11LoJOLFotCUb1lNBMcOSceoFgyMeC2rlwCrmjO_Xv9PQfg4k_FvZRiKNILx54hBVr75Q6qLMCzElMGuI07sutBFpui1QpboG1qvc1psOGCEb9nITE65FUDvlNlu31cy6oWzJUrXIcaGu1qrwtAp-kNKBb2Fm0McWgVECoxiKUL3VzUeQ0mKu-XTfdZkBE15OZUJtxUoyhOHahRx-ZGtAes8qLv5Vo81732P7p6NN4GV-3uYRZoLGXqFpBrDKJyZxay4LuxukQqrcV9pVyJdYp4Fn0f6-DKvhYyY-e56MJoxy6Q8DFgBtiSBvqxZpTMawAWbTvlX3yCUC9Q1olMFXj-hRwuo9nAupmIfTyeJ1khoGLIUZOeSXQMAllPRNB19XDhhdePsxW5b7tA9UgZKm0pTGi7PqX6A8yg7H3nJLPgEPqrLTbglmgsKBGtkFxzOr-g7LEGf5cHdZdHo_4-QK9NXayjG9VnTTG5-LV9Jql2L0Qt6c6PK5KSFYHl7SlwqxMTSUCgPMYJbDK6zPZpR_3C2NGIbL8c2aDN2CHYcYBVUQlrIVyP8rj2F0wGINsvSU6aJ-GJlv5Bffod8W7RpWRG2NX7A0BpOysyPAfisPeUpIHi3886kKikTcffhU95t-oJIEQXfMEZ9_g0ODHp-LOXKSuP9h33i6cMqo1SYKMoTDPnnuPWSS_Tw6OltDaDULCtHuqQtrdKBcIUxyOQNuKCkmuAfTDw6V1HNlfMYAOL9Ej3NQ41d4JZsks97nFJgSPTtVzeWu2BzdS6ON2xQ_EvfbPEiH6PCVeIjr0GEesNtbmhxIrFN87yQIdDISd5OROvKgy_0GBh2QrY47OrO1mRFdjug9qNd5aZ9j88vYoN38qyqQ5M1L2-TJi2P_tccfvuBILM2ll5jBrcd7xR3Qw1Xce2JbwwR_Wgt8SI243bmYKkoDWVckk3lRI7jJtgaLkNtBvqV5SoNcGh9XMDlGiPtr3NOt6s-D5MlPiIohgdAI6yUT7gC0YR-z6UC53bhhM70iDH6C2OOnokuWAWYzhKwwgn-LTnW07tkqOBVSytuMQReCvseS_evw4SMZBAMvf0fqPjaWSv_vwcejfUUshS5KEiu-sGnsIEZI-LDRQrY1SG_BULUB5zMY6_5s1ZnZ0po-K-H50dXqikTFm5aetnXyc9RpbJpJUtAupwe-oOath-4kA1_bKwpD2uRahaHcyLu_5mb31khURZEh6f3W9qEvdwLu1m3sDQ17K3LgTHlbSd-qXIW7Qdofalggz4kg8xLfC02HzUkLejhV7m3RibLmZ18DSt3SMtGZ1Y5vGKFurSNCIWiT4MZbA8sk47DpX8hc3eNYQuKH1j4KeRPapkcV-Gg_fQTa5W8J_jw53YKUOgjU2ikYr6K4Lzebf_uXGReDo1X9ImOau3NTm0w2YclyUS7RkJ_rm0ZwmO_fd3XyKFLISpgOKWGNrFVwy5PyHnNxDRyDVPcNUdVVyoCfU-zVHeSXJpW7pLGWZrDFVg4USmspplzMw3TQZ-ZKC77IUshsD_OrHJDyH61mNzr8MkjaodoaUbv-3EW56-oPDS3UXULTKE-IzDqtnNAf4fybfEeoPIt2GZzcsSNrLKvrMEkqsPpe0JsrpvnWZslGxoQl1as4KfdwSLX_A&jsr=1&abl=0&acrc=1&acrs=own&bdd=%5B%22Mozilla%2F5.0%20(Windows%20NT%2010.0%3B%20Win64%3B%20x64)%20AppleWebKit%2F537.36%20(KHTML%2C%20like%20Gecko)%20Chrome%2F114.0.0.0%20Safari%2F537.36%22%2C%22false%22%2C%22Win32%22%2C%22WebKit%20WebGL%22%2C%22WebKit%22%2C%22ANGLE%20(Google%2C%20Vulkan%201.3.0%20(SwiftShader%20Device%20(Subzero)%20(0x0000C0DE))%2C%20SwiftShader%20driver)%22%2C%22Google%20Inc.%20(Google)%22%2C%22true%22%2C%22true%22%2C%221920%22%2C%221080%22%2C%221920%22%2C%221040%22%2C%22945%22%2C%221020%22%2C%22929%22%2C%22830%22%2C%22929%22%2C%22830%22%2C%22false%22%2C%221%22%2C%224%22%2C%220%22%2C%22aaaaaaaacceccceffhillllmmprrsssstttellllpss%22%2C%22Mon%20Jun%2019%202023%2013%3A47%3A36%20GMT%2B0530%20(India%20Standard%20Time)%22%2C%22-330%22%2C%22en-US%22%2C%22en-US%2Cen%22%2C%22true%22%2C%22true%22%2C%224044038915%22%2C%222697903995%22%2C%2250%22%2C%22false%22%2C%22%5B%5D%22%5D,ntoftheusysianedt.info/?cs=SkxueWp7eV1IW394V0BSeHlaSV4&abt=0&red=1&sm=16&k=&v=1.34.32.2&sts=0&prn=0&emb=1&tid=983231&rxy=800_600&inc=0&u=1295697813113141&agec=1683884506&fs=1&mbkb=59.06674542232723&ref=https%3A%2F%2Fstreamvid.cc%2Fplayer%2FL23Wy4q4Vvk4qgt%2F&osr=fmoviefree.sc&jst=8&enr=0&lcua=mozilla%2F5.0%20(x11%3B%20linux%20x86_64)%20applewebkit%2F537.36%20(khtml%2C%20like%20gecko)%20headlesschrome%2F113.0.5672.63%20safari%2F537.36&tzd=5.5&uloc=&if=0&ct=2&ctc=9&_1CUE=1683883472323&utr1=00:00:10&utr2=1&utr3=0&utr4=0&utr5=0&utr6=0&utr7=0,204,vod,"[7777, 4254, 7886]"
2023-06-19 13:45:56,practicalwhich.info,p17596.nonotro.name/v2/a/pop/imp?s=260&_=be760efc-0e79-11ee-94e4-6d035d7a4da2&d=BQ5qQHPempf-kjnhPQcnL5ck3PC38PzRDdSdHdvbDGNNhe6G7E2olCr1sVSY11LoJOLFotCUb1lNBMcOSceoFgyMeC2rlwCrmjO_Xv9PQfg4k_FvZRiKNILx54hBVr75Q6qLMCzElMGuI07sutBFpui1QpboG1qvc1psOGCEb9nITE65FUDvlNlu31cy6oWzJUrXIcaGu1qrwtAp-kNKBb2Fm0McWgVECoxiKUL3VzUeQ0mKu-XTfdZkBE15OZUJtxUoyhOHahRx-ZGtAes8qLv5Vo81732P7p6NN4GV-3uYRZoLGXqFpBrDKJyZxay4LuxukQqrcV9pVyJdYp4Fn0f6-DKvhYyY-e56MJoxy6Q8DFgBtiSBvqxZpTMawAWbTvlX3yCUC9Q1olMFXj-hRwuo9nAupmIfTyeJ1khoGLIUZOeSXQMAllPRNB19XDhhdePsxW5b7tA9UgZKm0pTGi7PqX6A8yg7H3nJLPgEPqrLTbglmgsKBGtkFxzOr-g7LEGf5cHdZdHo_4-QK9NXayjG9VnTTG5-LV9Jql2L0Qt6c6PK5KSFYHl7SlwqxMTSUCgPMYJbDK6zPZpR_3C2NGIbL8c2aDN2CHYcYBVUQlrIVyP8rj2F0wGINsvSU6aJ-GJlv5Bffod8W7RpWRG2NX7A0BpOysyPAfisPeUpIHi3886kKikTcffhU95t-oJIEQXfMEZ9_g0ODHp-LOXKSuP9h33i6cMqo1SYKMoTDPnnuPWSS_Tw6OltDaDULCtHuqQtrdKBcIUxyOQNuKCkmuAfTDw6V1HNlfMYAOL9Ej3NQ41d4JZsks97nFJgSPTtVzeWu2BzdS6ON2xQ_EvfbPEiH6PCVeIjr0GEesNtbmhxIrFN87yQIdDISd5OROvKgy_0GBh2QrY47OrO1mRFdjug9qNd5aZ9j88vYoN38qyqQ5M1L2-TJi2P_tccfvuBILM2ll5jBrcd7xR3Qw1Xce2JbwwR_Wgt8SI243bmYKkoDWVckk3lRI7jJtgaLkNtBvqV5SoNcGh9XMDlGiPtr3NOt6s-D5MlPiIohgdAI6yUT7gC0YR-z6UC53bhhM70iDH6C2OOnokuWAWYzhKwwgn-LTnW07tkqOBVSytuMQReCvseS_evw4SMZBAMvf0fqPjaWSv_vwcejfUUshS5KEiu-sGnsIEZI-LDRQrY1SG_BULUB5zMY6_5s1ZnZ0po-K-H50dXqikTFm5aetnXyc9RpbJpJUtAupwe-oOath-4kA1_bKwpD2uRahaHcyLu_5mb31khURZEh6f3W9qEvdwLu1m3sDQ17K3LgTHlbSd-qXIW7Qdofalggz4kg8xLfC02HzUkLejhV7m3RibLmZ18DSt3SMtGZ1Y5vGKFurSNCIWiT4MZbA8sk47DpX8hc3eNYQuKH1j4KeRPapkcV-Gg_fQTa5W8J_jw53YKUOgjU2ikYr6K4Lzebf_uXGReDo1X9ImOau3NTm0w2YclyUS7RkJ_rm0ZwmO_fd3XyKFLISpgOKWGNrFVwy5PyHnNxDRyDVPcNUdVVyoCfU-zVHeSXJpW7pLGWZrDFVg4USmspplzMw3TQZ-ZKC77IUshsD_OrHJDyH61mNzr8MkjaodoaUbv-3EW56-oPDS3UXULTKE-IzDqtnNAf4fybfEeoPIt2GZzcsSNrLKvrMEkqsPpe0JsrpvnWZslGxoQl1as4KfdwSLX_A&jsr=1&abl=0&acrc=1&acrs=own&bdd=%5B%22Mozilla%2F5.0%20(Windows%20NT%2010.0%3B%20Win64%3B%20x64)%20AppleWebKit%2F537.36%20(KHTML%2C%20like%20Gecko)%20Chrome%2F114.0.0.0%20Safari%2F537.36%22%2C%22false%22%2C%22Win32%22%2C%22WebKit%20WebGL%22%2C%22WebKit%22%2C%22ANGLE%20(Google%2C%20Vulkan%201.3.0%20(SwiftShader%20Device%20(Subzero)%20(0x0000C0DE))%2C%20SwiftShader%20driver)%22%2C%22Google%20Inc.%20(Google)%22%2C%22true%22%2C%22true%22%2C%221920%22%2C%221080%22%2C%221920%22%2C%221040%22%2C%22945%22%2C%221020%22%2C%22929%22%2C%22830%22%2C%22929%22%2C%22830%22%2C%22false%22%2C%221%22%2C%224%22%2C%220%22%2C%22aaaaaaaacceccceffhillllmmprrsssstttellllpss%22%2C%22Mon%20Jun%2019%202023%2013%3A47%3A36%20GMT%2B0530%20(India%20Standard%20Time)%22%2C%22-330%22%2C%22en-US%22%2C%22en-US%2Cen%22%2C%22true%22%2C%22true%22%2C%224044038915%22%2C%222697903995%22%2C%2250%22%2C%22false%22%2C%22%5B%5D%22%5D,practicalwhich.info/OEFESUkXfic6dFtxNzMaUhsHLy56dgZ5Ex1zAgondQ4VEX1wJCMAb0woIHRwAHJ2engeMS0tdAlnNz0oTDQ3dHweKCovJgVnMnR4FnJwZ3oKb3ZvPAVwdnB8DnhzcXgLcHV6eAxwYj05WSZ5eG9INTAldAl3fHpxAHJwfnsLdXQ,204,vod,[7886]
