domain,specific_url,intel_object_id,intel_object_url,intel_object,http_return_code,service
fmoviefree.sc,https://fmoviefree.sc/online/guardians-of-the-galaxy-vol-3-2023/watching.html/,9131ba49-031a-46d6-9dd0-a2deb37e9fe9,https://fmoviefree.sc/wp-content/themes/assets/inc/js/detectmobilebrowser.js,application/javascript,200,vod
fmoviefree.sc,https://fmoviefree.sc/online/guardians-of-the-galaxy-vol-3-2023/watching.html/,7565cfba-a3fd-4513-8fec-4f6bf0d88461,https://fmoviefree.sc/images/tt14940240/poster.jpg,image/jpeg,200,vod
fmoviefree.sc,https://fmoviefree.sc/online/guardians-of-the-galaxy-vol-3-2023/watching.html/,012cbcb1-224f-4743-838f-26bc779fb99e,https://fmoviefree.sc/wp-content/themes/assets/icons/fonts/fontawesome-webfont.ttf,font/ttf,200,vod
fmoviefree.sc,https://fmoviefree.sc/online/guardians-of-the-galaxy-vol-3-2023/watching.html/,7333fd65-8e11-4f6a-995a-888e2ab6ec29,https://fmoviefree.sc/wp-content/themes/assets/images/mask-title.png,image/png,200,vod
fmoviefree.sc,https://fmoviefree.sc/online/guardians-of-the-galaxy-vol-3-2023/watching.html/,a9bb63e6-8114-4c51-bbb8-e56cc8ebd6d1,https://fmoviefree.sc/wp-content/themes/assets/css/bootstrap.min.css,text/css,200,vod
fmoviefree.sc,https://fmoviefree.sc/online/guardians-of-the-galaxy-vol-3-2023/watching.html/,4f001873-30e1-464b-9f6c-b0d74b15732b,https://fmoviefree.sc/wp-content/themes/assets/css/main.css,text/css,200,vod
fmoviefree.sc,https://fmoviefree.sc/online/guardians-of-the-galaxy-vol-3-2023/watching.html/,19d73ec5-125d-41cd-8659-68ba82bd1831,https://fmoviefree.sc/wp-content/themes/assets/icons/fonts/fontawesome-webfont.woff,text/html; charset=iso-8859-1,301,vod
fmoviefree.sc,https://fmoviefree.sc/online/guardians-of-the-galaxy-vol-3-2023/watching.html/,309c9ca7-27d5-49fb-b6e3-85412538f01c,https://practicalwhich.info/Yms4VkNNVFslfi0samchDD5yAxY4DWoXcjM/fjINIQd+FBsJLh4iKgZWAW5wUFgJcDMLDwVnZREfWSI2EVYLcCoMDVdrLg0eSzMnDRxWcDVfWhZld0xYCnhxRB4FZ3FbXg5vdFpaC2dyUVoMZ2UWG1kxflNNSCI3DlYJYHtRUwBld1VZC2d3,None,204,vod
fmoviefree.sc,https://fmoviefree.sc/online/guardians-of-the-galaxy-vol-3-2023/watching.html/,4deff9fe-c2e1-46d2-8f6a-43159fac124e,https://ntoftheusysianedt.info/?cs=cjRwclJHA0NBZUsMQEJmRwdERWY&abt=0&red=1&sm=16&k=&v=1.34.32.2&sts=0&prn=0&emb=1&tid=983231&rxy=800_600&inc=0&u=1661587779290283&agec=1683884344&fs=1&mbkb=61.72839506172839&ref=https%3A%2F%2Fstreamvid.cc%2Fplayer%2FL23Wy4q4Vvk4qgt%2F&osr=fmoviefree.sc&jst=8&enr=0&lcua=mozilla%2F5.0%20(x11%3B%20linux%20x86_64)%20applewebkit%2F537.36%20(khtml%2C%20like%20gecko)%20headlesschrome%2F113.0.5672.63%20safari%2F537.36&tzd=5.5&uloc=&if=0&ct=2&ctc=9&_Ppzk=1683883310086&utr1=00:00:10&utr2=1&utr3=0&utr4=0&utr5=0&utr6=0&utr7=0,None,204,vod
fmoviefree.sc,https://fmoviefree.sc/online/guardians-of-the-galaxy-vol-3-2023/watching.html/,58ae37e6-0410-49cd-b9d8-28931522e5ec,https://surf.streamvid.cc/tsfiles/IAFADCAC/1080K/2023/DCEEDEAA/05/CAEBIBFI/05/BADFBDAB/45791-004.ts,video/mp2t,200,vod
fmoviefree.sc,https://fmoviefree.sc/online/guardians-of-the-galaxy-vol-3-2023/watching.html/,477cf144-98a6-4794-9815-c26f3ee186eb,https://surf.streamvid.cc/tsfiles/IAFADCAC/1080K/2023/DCEEDEAA/05/CAEBIBFI/05/BADFBDAB/45791-007.ts,video/mp2t,200,vod
fmoviefree.sc,https://fmoviefree.sc/online/guardians-of-the-galaxy-vol-3-2023/watching.html/,606fbe6b-9a51-46d9-8c48-367380b7e22d,https://www.google-analytics.com/analytics.js,text/javascript,200,vod
fmoviefree.sc,https://fmoviefree.sc/online/guardians-of-the-galaxy-vol-3-2023/watching.html/,fa4cc65e-8f48-42ec-ba57-3a8fed152a43,https://fmoviefree.sc/images/tt14672882/poster.jpg,image/jpeg,200,vod
fmoviefree.sc,https://fmoviefree.sc/online/guardians-of-the-galaxy-vol-3-2023/watching.html/,77d5cf07-5b4d-42ce-b6ff-067cedae1cca,https://surf.streamvid.cc/tsfiles/IAFADCAC/1080K/2023/DCEEDEAA/05/CAEBIBFI/05/BADFBDAB/45791-003.ts,video/mp2t,200,vod
fmoviefree.sc,https://fmoviefree.sc/online/guardians-of-the-galaxy-vol-3-2023/watching.html/,3bf29403-fe20-4cf2-b586-77eb9ecb297d,https://d6deij4k3ikap.cloudfront.net/lRHBROTEnHz9fDjAZNQQIfENjCgBiGiJWXzRNFVNHJRpmaFgvISUIUGIEK10McV5kH10lHjYEFyEeMgQAYhE1WwxwViVJXi9NNE1VIxMwQVQyH3dMUHkdPkNYKBwwHAMCRX8JFHZAeUEAdVViexR2QD1QXzEIdAsBPEhnZgdwWXQLASUAIVVUMxUzUlgwVW-N/BHdHfwoHYUJhEVosBDxVFHYzdAsBKBk6XBR2QDZcUi8feBwDdBg0WFUoFSJKUiwCPlRUYUIXCAB3XmEXBHJHYxcHd1VjCUIlFjBLWGFCFwwCc15iDxcxTWA,None,200,vod
fmoviefree.sc,https://fmoviefree.sc/online/guardians-of-the-galaxy-vol-3-2023/watching.html/,ca36d35b-5815-4bae-8f26-40bb6fa57e35,https://www.gstatic.com/recaptcha/releases/wqcyhEwminqmAoT8QO_BkXCr/recaptcha__en.js,text/javascript,200,vod
fmoviefree.sc,https://fmoviefree.sc/online/guardians-of-the-galaxy-vol-3-2023/watching.html/,2e59d214-18d1-46ac-83fc-e078f0596fd0,https://fmoviefree.sc/wp-content/themes/assets/css/jquery.cluetip.css,text/css,200,vod
fmoviefree.sc,https://fmoviefree.sc/online/guardians-of-the-galaxy-vol-3-2023/watching.html/,6a3be72f-4a60-496d-a5bb-829fd144f9af,https://tubeskagos.life/gd/63404?md=snIhJiO1UTM0wiIzJiOigDMwgnNwAjIsIiYiojI4ADM4ZDMwICLiInI6IiIsISciojIoRHdwNnOv8iZt9mdpVmZyVWZuM3Yv8mbslmbl9yZ1FmcklWYuNXLvZWL0hWZtcWYsFGe51idvxWLz0iMwIzMvcXY0NGap52ZugGdtx2L%2FUGc9cjIsICaioDOyMjMsICbiojIl5WLVNlIsICdioTLzMDMsIieioTNwYTMsIyaioDMsISdiojIiwiImJiOmFGbzVGLiUmI6ISdjhzZiJXe09WMutWc31mIsIybioDdyVXZsISbioTM2gzM4gzMzADMzgDOsIydiojIlcjQlIjM0lGdsVWJyITJzEUJyIzR1FmcklWYuNXJyAzbmViMwQHalViMwcUYsFGe5ViMwY1bs5SJyAzMlIDMoIDMyMTKlIDMXFGdjhWJyATTvZXalViMwUiMyUiMDViMysWZ5d3byR2clIjMlMTQlUjQlUDRlIzQlIjM09Gc39mckNXJyITJzEUJ1IUJyITbvZXalNXJzEUOlIjMlIzQlIjMnVXYyRWah52clMTQ2UiMyUiMDViMyMXZyZXZyVyMBVTJyITJyMUJyIjZt9mdpV2clMTQ1UiMyUiMDViMyw2bnlmblMTQ1UiMyUiMDViMycWYsFGe5VyMBVTJyITJyMUJyIzbuxWauVWJzEENlIjMlIzQlIjMzVnYzNmcpJWZlMTQzUiMyUiMDViMyAXYzN3dvJHZlMTQzUiMyUiMDViMyk3b1JXJzE0MlIjMlIzQlIjMwxWZhNXZlMTQzUiMyUSNEVyNEJCLiAncioTMsICajJiOywiIixmI60SMsIiYjJiOzwiI2ZnI6IyRv92ZsVGIJ52YuACKH92bnxWZpICLiYnciojIB50RMVEIoc0bvdGblxCIWVHbrFmbgEjLz4CMggyU3lmZ0NFahRWZyBCRlZXajVGIoMVdipXZy9WKggCM4BDMwAzQwQURpkCLgM1dpZGdThWYkVmcgQmcpZXZyliIsISYjJiOxEDLiMGdiojI152au92duJCLiMWZ0JiOiQzZiwiIjRGbtJiOtEDLiMGZsJiO54SNsIyYyRHdioDMsICdtNnI6ETf,application/json,200,vod
fmoviefree.sc,https://fmoviefree.sc/online/guardians-of-the-galaxy-vol-3-2023/watching.html/,ba1dd80d-6431-4951-9989-320ac256f0b5,https://accounts.google.com/v3/signin/identifier?dsh=S1359015976%3A1683884508790924&continue=https%3A%2F%2Fwww.google.com%2Ffavicon.ico&hl=en&ifkv=Af_xneG7nIUBBAPioVj7u9hF3A_BJv-gC-3Fve3nhKKC4MjgHVWVd0rZenbQJrY2xxvg3VEt8alkMQ&passive=true&service=mail&uilel=3&flowName=WebLiteSignIn&flowEntry=ServiceLogin,text/html; charset=utf-8,403,vod
fmoviefree.sc,https://fmoviefree.sc/online/guardians-of-the-galaxy-vol-3-2023/watching.html/,6785d079-6361-4bf7-823b-45d55fa5bd27,https://practicalwhich.info/UTFBYzB+DiIQDTNmGBlmBEknNkcXQidSWABzc1IVY3cXJXkUaAlbFiVYJV4JaQJzWwV3QSgHDWAJZxBEMEU0EA1gFygNVj4MZxUNYB9xTQJ/AmcWDWAXNRNRNgxwRUAlRS1eAWcJclsIYgV3UQBkBA,None,204,vod
fmoviefree.sc,https://fmoviefree.sc/online/guardians-of-the-galaxy-vol-3-2023/watching.html/,822b0135-49f1-4c9b-8151-9d5f572ea496,https://ntoftheusysianedt.info/utx?cb=ZJkZ9S1o7bBJ&top=streamvid.cc&tid=983231,None,204,vod
fmoviefree.sc,https://fmoviefree.sc/online/guardians-of-the-galaxy-vol-3-2023/watching.html/,529f031a-3e40-4866-b2c7-4d1b0c652089,https://streamvid.cc/player/L23Wy4q4Vvk4qgt/,text/html; charset=UTF-8,200,vod
fmoviefree.sc,https://fmoviefree.sc/online/guardians-of-the-galaxy-vol-3-2023/watching.html/,8dd531dd-2ebf-408a-b801-28a70a2af217,https://accounts.google.com/v3/signin/identifier?dsh=S-1677116301%3A1683884347049648&continue=https%3A%2F%2Fwww.google.com%2Ffavicon.ico&hl=en&ifkv=Af_xneFXVf5f_jZOYWHSC0mQDdeJbnRyT0YeTpwAYRp6qODKdCYuAsfO47fChIpsoDnvpAYPxxPw&passive=true&service=mail&uilel=3&flowName=WebLiteSignIn&flowEntry=ServiceLogin,text/html; charset=utf-8,403,vod
fmoviefree.sc,https://fmoviefree.sc/online/guardians-of-the-galaxy-vol-3-2023/watching.html/,5799f7d9-fc96-4ae1-8f14-f5a4f6ee84e7,https://pogothere.xyz/asd100.bin,binary/octet-stream,200,vod
fmoviefree.sc,https://fmoviefree.sc/online/guardians-of-the-galaxy-vol-3-2023/watching.html/,d42deac9-62c7-4a06-a324-8e524fe0c16b,https://fmoviefree.sc/images/tt23037488/poster.jpg,image/jpeg,200,vod
fmoviefree.sc,https://fmoviefree.sc/online/guardians-of-the-galaxy-vol-3-2023/watching.html/,3c905b2a-b3a0-46b3-a304-b45c7473d3b9,https://fmoviefree.sc/images/tt26082308/poster.jpg,image/jpeg,200,vod
fmoviefree.sc,https://fmoviefree.sc/online/guardians-of-the-galaxy-vol-3-2023/watching.html/,db36355d-6e5a-491c-83af-455741eba965,https://fmoviefree.sc/wp-content/themes/assets/css/jquery.qtip.min.css,text/css,200,vod
fmoviefree.sc,https://fmoviefree.sc/online/guardians-of-the-galaxy-vol-3-2023/watching.html/,e5952121-90ed-404f-8cad-6144e3d0eb90,https://d6deij4k3ikap.cloudfront.net/2YUJGd3kCLSgRRhUrIkpAWXF0T0xHKDUYFxF/Kg1PGSEIMEExZDINHVx3aEJfDSMoEERHJygURFBkJxMbXHZgAhhcLykNEA0uJ1JLJ3doR1xTcm4PSFBndTVcU3IqHhcUOmNFSRl6cChPVWtjRUkAMjYbHBYnJBwQFWd0MUxSdWhET0Rwdl8SCTYrG1xTAW-NFSQ0rLRJcU3IhEhoKLW9SS1EqIxYdDSc1BBoJMCkaHERwAEZIUmx2WUxXdXRZT1JndEcKACQnBRBEcABCSlZsdUFfFH93,None,200,vod
fmoviefree.sc,https://fmoviefree.sc/online/guardians-of-the-galaxy-vol-3-2023/watching.html/,4ab79f26-604d-4219-8da6-59f3dd7e688b,https://ww.fmoviefree.sc/wp-content/themes/assets/icons/fonts/fontawesome-webfont.woff2,text/html; charset=iso-8859-1,301,vod
fmoviefree.sc,https://fmoviefree.sc/online/guardians-of-the-galaxy-vol-3-2023/watching.html/,578cd021-f110-43d6-abec-0fe789018241,https://practicalwhich.info/S2dXVnBkWDQlTRpVEQAmHg9hASczADQOIh89ABhGLyEzOyp4InEiGS9abm5DeVRmcAAiA2pnVjgTNiIFOFpkZkB6QT44FiRaZ2ZAe0Eha0FlVGN4Q3lJZXAFdlZhYEF+X2BhR3JVbmZCc1RxIgAqAGpnVjsTIzpNelFvZUhzVGRmRHxQYA,None,204,vod
fmoviefree.sc,https://fmoviefree.sc/online/guardians-of-the-galaxy-vol-3-2023/watching.html/,196d405e-cf69-4583-872d-c43ed2bd03d9,https://d6deij4k3ikap.cloudfront.net/?jiedd=983231,None,200,vod
fmoviefree.sc,https://fmoviefree.sc/online/guardians-of-the-galaxy-vol-3-2023/watching.html/,3ccdafbc-2edb-4541-909f-ab92adeb02a1,https://www.googletagmanager.com/gtag/js?id=UA-110551045-1,application/javascript; charset=UTF-8,200,vod
fmoviefree.sc,https://fmoviefree.sc/online/guardians-of-the-galaxy-vol-3-2023/watching.html/,15b13c8c-8a75-4552-9649-5b1a127c046c,https://champaup.com/rNtzE1Ojq09Tg/63404,application/javascript; charset=utf-8,200,vod
fmoviefree.sc,https://fmoviefree.sc/online/guardians-of-the-galaxy-vol-3-2023/watching.html/,84060e4c-f69c-40d4-98d0-7356d93b51ca,https://surf.streamvid.cc/2tjqnYWF_iXpnxHwJwDj1m_HuOqLhgUruaH4t4CEqxIN2K1VtTb2FNNWHdqHF9elLehOLTJV8DBLybX7Ey9dnw/lu2VgQeQivQeSn5MP5jUJ-AHjlbe6Dk-Nz_lKGzkJxI/preview.jpg,image/jpeg,200,vod
fmoviefree.sc,https://fmoviefree.sc/online/guardians-of-the-galaxy-vol-3-2023/watching.html/,31b3aa31-6d3d-44ed-aeba-6a6c962c5558,https://accounts.google.com/InteractiveLogin?continue=https://www.google.com/favicon.ico&hl=en&passive=true&service=mail&uilel=3&ifkv=Af_xneGoBBQyEnu_s3AS4ZwxqCkVGe9GXylOswEAOYi97N1hMymHtwiWydMjNYo0HRkDt4Rpxtfvng,text/html; charset=UTF-8,302,vod
fmoviefree.sc,https://fmoviefree.sc/online/guardians-of-the-galaxy-vol-3-2023/watching.html/,bf0d9321-9656-4628-98a3-55ade3317f3f,https://fmoviefree.sc/wp-content/themes/assets/inc/js/slide.min.js,application/javascript,200,vod
fmoviefree.sc,https://fmoviefree.sc/online/guardians-of-the-galaxy-vol-3-2023/watching.html/,6d945d9a-0d43-4f64-91c9-a8a31aee2c9e,https://streamvid.cc/templates/jwplayer/assets/jwplayer.core.controls.js,application/javascript,200,vod
fmoviefree.sc,https://fmoviefree.sc/online/guardians-of-the-galaxy-vol-3-2023/watching.html/,44bfb5bb-6ad2-41a8-a041-2cfc08110315,https://fmoviefree.sc/wp-content/themes/assets/inc/js/jquery.smooth-scroll.min.js,application/javascript,200,vod
fmoviefree.sc,https://fmoviefree.sc/online/guardians-of-the-galaxy-vol-3-2023/watching.html/,be0552a6-5bbd-4295-ad5f-b8beb84bc336,https://surf.streamvid.cc/tsfiles/IAFADCAC/1080K/2023/DCEEDEAA/05/CAEBIBFI/05/BADFBDAB/45791-008.ts,video/mp2t,200,vod
fmoviefree.sc,https://fmoviefree.sc/online/guardians-of-the-galaxy-vol-3-2023/watching.html/,5efd610f-7f08-43cd-8528-e56014c5196b,https://fmoviefree.sc/wp-content/themes/assets/icons/fonts/fontawesome-webfont.woff2,text/html; charset=iso-8859-1,301,vod
fmoviefree.sc,https://fmoviefree.sc/online/guardians-of-the-galaxy-vol-3-2023/watching.html/,66a48324-e30a-4f75-ba8e-1b7fb5951b30,https://surf.streamvid.cc/WuBwonnFpfTe9lwEqh-4gvl6ZAUp6mbyLgJB1lAuH8spuGfYLEifBEeJObwpykGnBa0GT7TG_Lo6-VVFHvvpYw/fT0jl0sb537fy53nlPCTQa0JAyveMfiVqRpQkM9h6jU/video.m3u8,application/vnd.apple.mpegurl,200,vod
fmoviefree.sc,https://fmoviefree.sc/online/guardians-of-the-galaxy-vol-3-2023/watching.html/,197b6033-1082-48fc-b33c-681199790684,https://fmoviefree.sc/wp-content/themes/assets/inc/js/jquery-1.9.1.min.js,application/javascript,200,vod
fmoviefree.sc,https://fmoviefree.sc/online/guardians-of-the-galaxy-vol-3-2023/watching.html/,a5906a7b-f1ea-451a-a1c8-665253ac7324,https://surf.streamvid.cc/WTqmnmwH80XbnFnCWqbEDz01Hw1tc__O11eCILbn3v5pEXbYMxGkjqBjTalZtwevsaZYY067864ajfaaTyWEUw/67sOwXsS28eR0bB6L53oNmR-eYsElKQNUu8dJPQbAYA/preview.jpg,image/jpeg,200,vod
fmoviefree.sc,https://fmoviefree.sc/online/guardians-of-the-galaxy-vol-3-2023/watching.html/,1fa78d68-b291-4138-8433-3c9fec473f9d,https://fmoviefree.sc/images/tt6791350/poster.jpg,image/jpeg,200,vod
fmoviefree.sc,https://fmoviefree.sc/online/guardians-of-the-galaxy-vol-3-2023/watching.html/,6d045858-cc4d-401f-9dca-6be1e152186a,https://fmoviefree.sc/wp-content/themes/assets/images/logo-dark.png,image/png,200,vod
fmoviefree.sc,https://fmoviefree.sc/online/guardians-of-the-galaxy-vol-3-2023/watching.html/,f7fed337-3213-4a67-b2fa-c6b11e4ae4b4,https://streamvid.cc/templates/jwplayer/assets/juicycodes.css?v=2.1.2,text/css,200,vod
fmoviefree.sc,https://fmoviefree.sc/online/guardians-of-the-galaxy-vol-3-2023/watching.html/,3803efb9-2e86-4ca9-be6d-1c0cb6338686,https://accounts.google.com/InteractiveLogin?continue=https://www.youtube.com/favicon.ico&hl=en&passive=true&service=youtube&uilel=3&ifkv=Af_xneEhqhOieZTA9z_lR0xaZCQroONf8ewPUtMA8RaFmt1cm2iyQiIScw9zpPb4a827tmZy4va2hA,text/html; charset=UTF-8,302,vod
fmoviefree.sc,https://fmoviefree.sc/online/guardians-of-the-galaxy-vol-3-2023/watching.html/,8ade525a-643e-439e-a545-773414e7c2a2,https://fmoviefree.sc/wp-content/themes/assets/css/slide.css,text/css,200,vod
fmoviefree.sc,https://fmoviefree.sc/online/guardians-of-the-galaxy-vol-3-2023/watching.html/,d9c68f21-b309-4568-b65c-3d139adc288e,https://accounts.google.com/v3/signin/identifier?dsh=S-334649862%3A1683884347140473&continue=https%3A%2F%2Fwww.youtube.com%2Ffavicon.ico&hl=en&ifkv=Af_xneGvKi6OCJYOEBrZTJgMpK0nSscg0G7uCarSH73RPJsTalrQ3J1i68pDhDDbnPiabKrSLp-W&passive=true&service=youtube&uilel=3&flowName=WebLiteSignIn&flowEntry=ServiceLogin,text/html; charset=utf-8,403,vod
fmoviefree.sc,https://fmoviefree.sc/online/guardians-of-the-galaxy-vol-3-2023/watching.html/,1d6b5611-e789-4873-9b1d-1b15ef34ebf1,https://surf.streamvid.cc/J0F_fxD3JWnS9AShAwql8VGsPiql26LtUj4JqUEM5FUrg9qaNynA8KW5dfmscHHahmX3Esep3hUkVkKvUPeeBw/nLlajYzYYjp7AiZ45fiQlBrfyrf8Xk3oZ5jn_Ax3bSk/thumbnail.vtt,text/vtt;charset=UTF-8,200,vod
fmoviefree.sc,https://fmoviefree.sc/online/guardians-of-the-galaxy-vol-3-2023/watching.html/,25b8e707-5d56-474e-850c-7fefe9cb3ce3,https://ntoftheusysianedt.info/?cs=SkxueWp7eV1IW394V0BSeHlaSV4&abt=0&red=1&sm=16&k=&v=1.34.32.2&sts=0&prn=0&emb=1&tid=983231&rxy=800_600&inc=0&u=1295697813113141&agec=1683884506&fs=1&mbkb=59.06674542232723&ref=https%3A%2F%2Fstreamvid.cc%2Fplayer%2FL23Wy4q4Vvk4qgt%2F&osr=fmoviefree.sc&jst=8&enr=0&lcua=mozilla%2F5.0%20(x11%3B%20linux%20x86_64)%20applewebkit%2F537.36%20(khtml%2C%20like%20gecko)%20headlesschrome%2F113.0.5672.63%20safari%2F537.36&tzd=5.5&uloc=&if=0&ct=2&ctc=9&_1CUE=1683883472323&utr1=00:00:10&utr2=1&utr3=0&utr4=0&utr5=0&utr6=0&utr7=0,None,204,vod
fmoviefree.sc,https://fmoviefree.sc/online/guardians-of-the-galaxy-vol-3-2023/watching.html/,b38ac561-3305-4062-b2a0-aa618910130b,https://d6deij4k3ikap.cloudfront.net/WZ3ZYTzIEGTYpDRMfPHILX0VqfANBHCsgXBdLMCZCKTAtPX0/FxtpRh0SZXocUlA0LlwAS34qXARLaWlTAxRlexQTBjckDwICPChRBg49OV1BAzlyXwgMMSNeBlNqCQdJRn19Ak8OaX4XVDR9fQILHzY6SkJEaDcKUSluextCRGguQhcaPThXBR0xOxdVMG-18BUlFbmoAV14zJ0YKGn19cUJEaCNbDBN9fQIAEzskXU5Tan9aAhc8I1cUBTsnQAgbPWoAIUdpfBxXWG15BVVYbnwXVUYrLlQGBDFqACFDa3gcVEB+Og9W,None,200,vod
fmoviefree.sc,https://fmoviefree.sc/online/guardians-of-the-galaxy-vol-3-2023/watching.html/,bfe87641-a3f4-44dd-a867-a01fa01720e1,https://streamvid.cc/templates/jwplayer/assets/juicycodes.js,application/javascript,200,vod
fmoviefree.sc,https://fmoviefree.sc/online/guardians-of-the-galaxy-vol-3-2023/watching.html/,610dfed8-fc4a-4e65-97fe-78f92d9420be,https://fmoviefree.sc/wp-content/themes/assets/inc/js/jquery.qtip.min.js,application/javascript,200,vod
fmoviefree.sc,https://fmoviefree.sc/online/guardians-of-the-galaxy-vol-3-2023/watching.html/,a0687aae-79ab-4aef-9841-20e348a18226,https://surf.streamvid.cc/tsfiles/IAFADCAC/1080K/2023/DCEEDEAA/05/CAEBIBFI/05/BADFBDAB/45791-005.ts,video/mp2t,200,vod
fmoviefree.sc,https://fmoviefree.sc/online/guardians-of-the-galaxy-vol-3-2023/watching.html/,590d0fc0-f009-4756-b142-0d0f3bf11b6a,https://surf.streamvid.cc/tsfiles/IAFADCAC/1080K/2023/DCEEDEAA/05/CAEBIBFI/05/BADFBDAB/45791-010.ts,video/mp2t,200,vod
fmoviefree.sc,https://fmoviefree.sc/online/guardians-of-the-galaxy-vol-3-2023/watching.html/,c27aa0f7-273e-47da-9256-e4e449d62c54,https://ntoftheusysianedt.info/WEVWako5JzUHdTl4NEw/KilrT3geYGQsLm4hMwMgbC5lAyE5NXgJJjcwMgw4NysiRCQ9MXNYDGocAyANPHY9KQYLIgQ4Ig03HwE6GRIOLHoMdS4iARwQDywyHmBkLAE/dAYtGR0MGy8PIB8SIwQQEy5ZKx0PMC4ZFSoTLxgQDy8NHwoDFAEAIAg0MgICIhcCIjsJLwEEHQRmHwBpDxogeTwqBFsyDCY7XhoLAxQELgwTNT95ETQeAikNCjskDAsXOlwpGy0GPB0sLwQ/IRkIPDMoEAcPBAAaMgcsHTx1Gz8yCyEBAg8MdQQdLjR9BSkeATcRWzIMBAFHBB4WB1o4FBccCR9rDD4vIjcOGj1zCxZnLzsRPQ8ODgsmZygINw8bKSE5DRM4PRkADCMfNT1kPR8gHTIyGAIRZyAkPAA1IQsbFDgoGBoANSsIGxY6MDk8EBAMDBB8ZUwgKyo4Gnc0P2ASKRYCbjo,text/html,200,vod
fmoviefree.sc,https://fmoviefree.sc/online/guardians-of-the-galaxy-vol-3-2023/watching.html/,99bd5a3a-d78d-4f01-8245-22a371949afa,https://surf.streamvid.cc/tsfiles/IAFADCAC/1080K/2023/DCEEDEAA/05/CAEBIBFI/05/BADFBDAB/45791-001.ts,video/mp2t,200,vod
fmoviefree.sc,https://fmoviefree.sc/online/guardians-of-the-galaxy-vol-3-2023/watching.html/,56e5e599-4c88-4ff5-9c4f-26ea00e6ed91,https://fmoviefree.sc/wp-content/themes/assets/inc/js/star-rating.js,application/javascript,200,vod
fmoviefree.sc,https://fmoviefree.sc/online/guardians-of-the-galaxy-vol-3-2023/watching.html/,a7b56550-eee5-4881-874f-ce453c88880c,https://fmoviefree.sc/wp-content/themes/assets/inc/js/md5.min.js,application/javascript,200,vod
fmoviefree.sc,https://fmoviefree.sc/online/guardians-of-the-galaxy-vol-3-2023/watching.html/,855bb716-a573-4d87-b568-512b26bfee2f,https://fmoviefree.sc/online/guardians-of-the-galaxy-vol-3-2023/watching.html/,text/html; charset=UTF-8,200,vod
fmoviefree.sc,https://fmoviefree.sc/online/guardians-of-the-galaxy-vol-3-2023/watching.html/,5c42338a-a2ae-485b-a3e0-bcadcd2aa3c8,https://fmoviefree.sc/images/tt18257464/poster.jpg,image/jpeg,200,vod
fmoviefree.sc,https://fmoviefree.sc/online/guardians-of-the-galaxy-vol-3-2023/watching.html/,86a2e2db-832f-4dec-a175-cec2b68fb67f,https://www.google.com/recaptcha/api.js,text/javascript; charset=UTF-8,200,vod
fmoviefree.sc,https://fmoviefree.sc/online/guardians-of-the-galaxy-vol-3-2023/watching.html/,5ca1f3c1-61cd-4db2-8ee4-999102c3c108,https://fmoviefree.sc/images/tt12844910/poster.jpg,image/jpeg,200,vod
fmoviefree.sc,https://fmoviefree.sc/online/guardians-of-the-galaxy-vol-3-2023/watching.html/,55311c74-61c5-44fe-aae8-021e7d6b4079,https://ntoftheusysianedt.info/UmV1cjQzBxYfCzNYF1RBIAlIVwYUQEc0UGQBEBteZg5GG18zFVsRWD0QERRGPQsBXFo3EVBAcj43PTBmHTEwHHwoXBM2XhM/OyNlGwMwPF4RAjcbczsvIipOACszJHoaLycCWTMjEgR9ATA8J3MbID5DBB8GI0dfGlRFHnw4PDA0TRcAOBVlEzwdNwUFEg0FYjszPypdays7NwUELA0/QwMzJAt8YQE4J3w5ASUZegsuNwVDGiQ4MWYKXT80fAgkECdxEwEjJF03HSdAZRZUJCpOFywRM0cQNTAaWggCEQVjCjQ5M2cHJDwkYgcoDSdOBwkSBWIFSDtXBhQnPRZ8NBIaOm0HLx03Yj0WNzZMBCM9K042JAYwfxAOQyp2AFckNm4xMBxKUjcnAjZQEAJFJXIHCjMhfhkwHAV3AgknJ20HLC0xdRBWLR9xCic9OHwLHRY6UGMzHzFhGwkzGHYeMjI0dxQSAjFXY1AcNkwxHSEldXQPBh1aIlgxGEIzD0IjXTk0AUNV,text/html,200,vod
fmoviefree.sc,https://fmoviefree.sc/online/guardians-of-the-galaxy-vol-3-2023/watching.html/,61777bce-7fc1-41b6-8ac3-bcccc09ff762,https://www.google-analytics.com/j/collect?v=1&_v=j100&a=1730422038&t=pageview&_s=1&dl=https%3A%2F%2Ffmoviefree.sc%2Fonline%2Fguardians-of-the-galaxy-vol-3-2023%2Fwatching.html%2F%3Fep%3D7&ul=en-us&de=UTF-8&dt=Guardians%20of%20the%20Galaxy%20Vol.%203%20(2023)%20Watch%20Movie%20Online%20-%20Fmoviesfree&sd=24-bit&sr=800x600&vp=785x600&je=0&_u=YEBAAUABAAAAACAAI~&jid=1994546038&gjid=636512616&cid=1219365895.1683883462&tid=UA-110551045-1&_gid=618895546.1683883462&_r=1&gtm=457e35a0&jsscut=1&z=966933150,text/plain,200,vod
fmoviefree.sc,https://fmoviefree.sc/online/guardians-of-the-galaxy-vol-3-2023/watching.html/,a3aa0e8c-f415-4073-b829-b579a8b69352,https://unmistdistune.guru/rf/63404,application/json,200,vod
fmoviefree.sc,https://fmoviefree.sc/online/guardians-of-the-galaxy-vol-3-2023/watching.html/,56e75f1a-99d3-459e-83aa-25b7d7c1bb2d,https://surf.streamvid.cc/tsfiles/IAFADCAC/1080K/2023/DCEEDEAA/05/CAEBIBFI/05/BADFBDAB/45791-006.ts,video/mp2t,200,vod
fmoviefree.sc,https://fmoviefree.sc/online/guardians-of-the-galaxy-vol-3-2023/watching.html/,b8a141d1-98cd-44e4-a9b2-4b6d371ef649,https://fmoviefree.sc/wp-content/themes/assets/icons/css/font-awesome.min.css,text/css,200,vod
fmoviefree.sc,https://fmoviefree.sc/online/guardians-of-the-galaxy-vol-3-2023/watching.html/,6a58afc8-55df-41a5-a79a-b7966bb46b36,https://fmoviefree.sc/wp-content/themes/assets/inc/js/jquery.hover-intent.js,application/javascript,200,vod
fmoviefree.sc,https://fmoviefree.sc/online/guardians-of-the-galaxy-vol-3-2023/watching.html/,2c7f547a-915e-4bfe-9bda-c176cd991973,https://fmoviefree.sc/images/tt14846026/poster.jpg,image/jpeg,200,vod
fmoviefree.sc,https://fmoviefree.sc/online/guardians-of-the-galaxy-vol-3-2023/watching.html/,a735df4a-0171-4ea1-aadc-fd85dc1655f3,https://practicalwhich.info/RDdQMWhrCDNCVR4EHlw/LwY1Yy4WRjR3LgxhBwhdEgceYAl3B3ZFASAKaQlbdgRhFxgtU20ATjdDMUUdNwphFwEqUT8MTjIKYR9bcBljA0Z2ESUMWWJDIFAPeQZ2QRwwW20AXnwEaAlbcAFhCF1y,None,204,vod
fmoviefree.sc,https://fmoviefree.sc/online/guardians-of-the-galaxy-vol-3-2023/watching.html/,b84792bb-884f-4236-9e62-6cbb4495f977,https://practicalwhich.info/eW91RGFWUBY3XDcqMw4zST47ISlAFxEVJ0wKRg4WOFwRfAIXGFMwCB1STHxSS1dAYhEQC0h1WV8cASUVDBxIdUcQARMrXF8ZSHVPSUFHalJfGkh1Rw0fFCNcSEkFMBUVUkRyWUpXTXdTQFZMclU,None,204,vod
fmoviefree.sc,https://fmoviefree.sc/online/guardians-of-the-galaxy-vol-3-2023/watching.html/,734065fb-fa79-4902-b89e-f3464704bfa7,https://fmoviefree.sc/images/tt10334636/poster.jpg,image/jpeg,200,vod
fmoviefree.sc,https://fmoviefree.sc/online/guardians-of-the-galaxy-vol-3-2023/watching.html/,4607d898-6d94-44e7-8b4e-e963219b0e08,https://d6deij4k3ikap.cloudfront.net/2MzFWZU9QXjgDcEdYMlh2CwJkXXoVWyUKIUMMMTAFW1gkMHlAQWAmOlgXIh8rDgR4UGlfUDgCchVUOAZyAhc3AS0OBXAQLg5cOR8mX103QH11BHhVagEBfh1+AhRlJ2oBAToMIUZJc1d/SwlgOnkHGHNXf1JBJgkqRFQ0DiZHFGQjegAGeFZ5FgNmTSRbRT-sJagFyc1d/X1g9AGoBATEALFhef0B9A1kzBCtfVCUWLFtDOQgqFgMQVH4AH2ZLegUGZEt5ABRkVTxSVzcXJhYDEFB8BB9lU2lGDGc,None,200,vod
fmoviefree.sc,https://fmoviefree.sc/online/guardians-of-the-galaxy-vol-3-2023/watching.html/,8f1c52fc-eb36-49f1-98b3-0b7fc7e55074,https://fmoviefree.sc/wp-content/themes/assets/css/custom.css,text/css,200,vod
fmoviefree.sc,https://fmoviefree.sc/online/guardians-of-the-galaxy-vol-3-2023/watching.html/,8acd4765-9abb-4be4-8802-62ccc263d086,https://fmoviefree.sc/wp-content/themes/assets/inc/js/assets1.min.js?ver=6.2,application/javascript,200,vod
fmoviefree.sc,https://fmoviefree.sc/online/guardians-of-the-galaxy-vol-3-2023/watching.html/,c6ebe3f5-b15d-400b-85b4-fe6ee85a8fd2,https://accounts.google.com/ServiceLogin?passive=true&continue=https%3A%2F%2Fwww.google.com%2Ffavicon.ico&uilel=3&hl=en&service=mail,application/binary,302,vod
fmoviefree.sc,https://fmoviefree.sc/online/guardians-of-the-galaxy-vol-3-2023/watching.html/,61a00ffe-6e8e-423d-a089-34813880b2d7,https://surf.streamvid.cc/X9Uoipx9damEfe4bXZusIDVl-KH65noSZ6vZbhlX9HhzYe_wQtXKpmt3NSC7HG2QVmJ3B9VtvwpjSOGSqIE-Vw/YJ6ClI5P4j7Jp2aY_VwyDO02eeS8mPxye_E8kGiSOJU/thumbnail.vtt,text/vtt;charset=UTF-8,200,vod
fmoviefree.sc,https://fmoviefree.sc/online/guardians-of-the-galaxy-vol-3-2023/watching.html/,e86d14bd-49e7-492e-89f9-b8da20d66cff,https://fmoviefree.sc/images/tt5635026/poster.jpg,image/jpeg,200,vod
fmoviefree.sc,https://fmoviefree.sc/online/guardians-of-the-galaxy-vol-3-2023/watching.html/,b345f97a-ed0a-42d7-b02e-8082721a6d49,https://streamvid.cc/templates/jwplayer/assets/provider.hlsjs.js,application/javascript,200,vod
fmoviefree.sc,https://fmoviefree.sc/online/guardians-of-the-galaxy-vol-3-2023/watching.html/,0459fa81-a653-4d9b-ab3b-6c2d913e1646,https://fmoviefree.sc/wp-content/themes/assets/style.css,text/css,200,vod
fmoviefree.sc,https://fmoviefree.sc/online/guardians-of-the-galaxy-vol-3-2023/watching.html/,3300db41-2473-499f-b856-b692689aa3d7,https://fmoviefree.sc/images/tt7720142/poster.jpg,image/jpeg,200,vod
fmoviefree.sc,https://fmoviefree.sc/online/guardians-of-the-galaxy-vol-3-2023/watching.html/,db3e2967-28d6-412b-8b4a-1db285c54730,https://gulsachpyrexia.uno/cuid/?f=https%3A%2F%2Ffmoviefree.sc,application/json,200,vod
fmoviefree.sc,https://fmoviefree.sc/online/guardians-of-the-galaxy-vol-3-2023/watching.html/,445b90b3-9bb2-44db-b329-b6590498dc94,https://accounts.google.com/v3/signin/identifier?dsh=S1292022133%3A1683884508909056&continue=https%3A%2F%2Fwww.youtube.com%2Ffavicon.ico&hl=en&ifkv=Af_xneG3Du-pHx7ROi56VPGlo-uhFnimxD-DvUQQNwFz7JCqaJq9psjMagNU9AtyyYPVBmaA_-AXDw&passive=true&service=youtube&uilel=3&flowName=WebLiteSignIn&flowEntry=ServiceLogin,text/html; charset=utf-8,403,vod
fmoviefree.sc,https://fmoviefree.sc/online/guardians-of-the-galaxy-vol-3-2023/watching.html/,bff1c239-8e76-41b6-a83f-560ba90a6199,https://surf.streamvid.cc/lVs3is-xZmc7ULMJqZLhE2UMxwU1luudsZYOJ5Tz2AFezsG5g_HvFJmqbMnEEM86cH2Y_l6Re49VeJcvgt8Arw/BLV5nFYmlAjJJogpukr9eVcooBlJoDdHyU8eYV3FjJE/video.m3u8,application/vnd.apple.mpegurl,200,vod
fmoviefree.sc,https://fmoviefree.sc/online/guardians-of-the-galaxy-vol-3-2023/watching.html/,0d50a6ea-1162-46d8-b3f1-8d4ebe07e159,https://practicalwhich.info/popunder.gif,image/gif,200,vod
fmoviefree.sc,https://fmoviefree.sc/online/guardians-of-the-galaxy-vol-3-2023/watching.html/,6ecafc79-5b93-415d-a442-9b1da4dc87c7,https://surf.streamvid.cc/tsfiles/IAFADCAC/1080K/2023/DCEEDEAA/05/CAEBIBFI/05/BADFBDAB/45791-002.ts,video/mp2t,200,vod
fmoviefree.sc,https://fmoviefree.sc/online/guardians-of-the-galaxy-vol-3-2023/watching.html/,e0e98101-70d7-4d09-93f6-610a218adb33,https://accounts.google.com/InteractiveLogin?continue=https://www.youtube.com/favicon.ico&hl=en&passive=true&service=youtube&uilel=3&ifkv=Af_xneEAg6N1P8rULxepjnQhrx77aan21kEr4INvXCQ1vtfpd8C4-vx2628BOMlUXDuWZ66BVhdxMw,text/html; charset=UTF-8,302,vod
fmoviefree.sc,https://fmoviefree.sc/online/guardians-of-the-galaxy-vol-3-2023/watching.html/,32838818-380d-4c6d-aa1c-b320a7544cf5,https://ntoftheusysianedt.info/MG9OcUdRDS0ceFFSLFcyQgNzVHV2Snw3IwYLKxgtBAR9GCxRH2ASK18aKhc1XwE6XylVG2tDAQIiNDcQajp3IB9aCAoSAlQ2Ax0vAiw5OyxoNyEnEEk6BTgSfSIDJQZ2OH8WLH0nIjAWZy4jPitXNwcZf0IrKSNzZSgiFxJ0CA0SL2Y6ATAdSS4mEnRxPH4+BWguHz0gBQwBI39dN39BdGEnf0AFeAcYECB1LSgZdhVdDDAvYgMEQyhyLhoeCnk6FDskAQtrQwFjGCIWCF4EBjYPfjcoQA1yJSkaNmIpH0EDWTUGNwBhBSsWBncKCCtydggAHBNjPSwjEx0cBBAgdhYtQCMVXQgpdldWDzYoci4aNAZ8KSYUIQAtdzB2WxUMMjNWOQ0kEHwpOjUIYQg/NyB9Phg5c3EnfCsLVQgbNh11G3swBWIEGCU/Yzk0Eh96Bxc1AnYtdjMFCQMbQyt3KwkSYVocIR83DQgbOy9ZHRtHNEBZDQQs,text/html,200,vod
fmoviefree.sc,https://fmoviefree.sc/online/guardians-of-the-galaxy-vol-3-2023/watching.html/,a1b1ce09-b31f-44d4-831a-60d89ec03add,https://fmoviefree.sc/wp-includes/css/classic-themes.min.css?ver=6.2,text/css,200,vod
fmoviefree.sc,https://fmoviefree.sc/online/guardians-of-the-galaxy-vol-3-2023/watching.html/,503bc315-d6be-40b1-be7b-f58d993fd181,https://surf.streamvid.cc/tsfiles/IAFADCAC/1080K/2023/DCEEDEAA/05/CAEBIBFI/05/BADFBDAB/45791-000.ts,video/mp2t,200,vod
fmoviefree.sc,https://fmoviefree.sc/online/guardians-of-the-galaxy-vol-3-2023/watching.html/,e3b0215c-90d0-4758-9b34-45c5ad29cf12,https://streamvid.cc/templates/jwplayer/assets/jwplayer.js?1683884503,application/javascript,200,vod
fmoviefree.sc,https://fmoviefree.sc/online/guardians-of-the-galaxy-vol-3-2023/watching.html/,eb464d34-b8c2-4859-8542-69056040d5a8,https://surf.streamvid.cc/lVs3is-xZmc7ULMJqZLhE2UMxwU1luudsZYOJ5Tz2AFezsG5g_HvFJmqbMnEEM86cH2Y_l6Re49VeJcvgt8Arw/BLV5nFYmlAjJJogpukr9eVcooBlJoDdHyU8eYV3FjJE/1080.m3u8,application/vnd.apple.mpegurl,200,vod
fmoviefree.sc,https://fmoviefree.sc/online/guardians-of-the-galaxy-vol-3-2023/watching.html/,c8cba4ce-5c97-41dc-8d93-a3d3419b0e86,https://accounts.google.com/InteractiveLogin?continue=https://www.google.com/favicon.ico&hl=en&passive=true&service=mail&uilel=3&ifkv=Af_xneHjyPt1ZnOGLyhm2Asxb9cUdiYGWNocbsHMr31SuQBqspH43PB5kzzr_6lN2k7MK1M8jk5ehQ,text/html; charset=UTF-8,302,vod
fmoviefree.sc,https://fmoviefree.sc/online/guardians-of-the-galaxy-vol-3-2023/watching.html/,f291b376-abda-4ab7-8b49-aec1bc0b25e1,https://accounts.google.com/ServiceLogin?passive=true&continue=https%3A%2F%2Fwww.youtube.com%2Ffavicon.ico&uilel=3&hl=en&service=youtube,application/binary,302,vod
fmoviefree.sc,https://fmoviefree.sc/online/guardians-of-the-galaxy-vol-3-2023/watching.html/,5e21dd18-bd54-4b01-9fe8-941d90704660,https://surf.streamvid.cc/tsfiles/IAFADCAC/1080K/2023/DCEEDEAA/05/CAEBIBFI/05/BADFBDAB/45791-009.ts,video/mp2t,200,vod
fmoviefree.sc,https://fmoviefree.sc/online/guardians-of-the-galaxy-vol-3-2023/watching.html/,7b8a9dbc-5511-4926-b246-4859111a2a9c,https://practicalwhich.info/OEFESUkXfic6dFtxNzMaUhsHLy56dgZ5Ex1zAgondQ4VEX1wJCMAb0woIHRwAHJ2engeMS0tdAlnNz0oTDQ3dHweKCovJgVnMnR4FnJwZ3oKb3ZvPAVwdnB8DnhzcXgLcHV6eAxwYj05WSZ5eG9INTAldAl3fHpxAHJwfnsLdXQ,None,204,vod
fmoviefree.sc,https://fmoviefree.sc/online/guardians-of-the-galaxy-vol-3-2023/watching.html/,85530d7a-88aa-4f32-9648-5c793ea9de85,https://streamvid.cc/templates/jwplayer/assets/devtools.js,application/javascript,200,vod
fmoviefree.sc,https://fmoviefree.sc/online/guardians-of-the-galaxy-vol-3-2023/watching.html/,7eb470d5-7ecd-4164-b642-4a124cae6bf1,https://fmoviefree.sc/wp-content/themes/assets/css/star-rating.css,text/css,200,vod
fmoviefree.sc,https://fmoviefree.sc/online/guardians-of-the-galaxy-vol-3-2023/watching.html/,405d2d34-5273-4753-b494-bff326870241,https://graph.facebook.com/?id=https://fmoviefree.sc/online/guardians-of-the-galaxy-vol-3-2023/&callback=jQuery191023419822865589923_1683883458509&_=1683883458510,text/javascript; charset=UTF-8,200,vod
fmoviefree.sc,https://fmoviefree.sc/online/guardians-of-the-galaxy-vol-3-2023/watching.html/,f0d10bf6-1475-4f50-b257-6ebbcd9b10a3,https://fmoviefree.sc/wp-content/themes/assets/css/main-dark.css,text/css,200,vod
fmoviefree.sc,https://fmoviefree.sc/online/guardians-of-the-galaxy-vol-3-2023/watching.html/,781060b0-5d27-450c-a5b8-7e2f030f2ede,https://ww.fmoviefree.sc/wp-content/themes/assets/icons/fonts/fontawesome-webfont.woff,text/html; charset=iso-8859-1,301,vod
fmoviefree.sc,https://fmoviefree.sc/online/guardians-of-the-galaxy-vol-3-2023/watching.html/,a5de00a3-fcd6-4514-9d37-16e80ca7fa01,https://fmoviefree.sc/wp-content/themes/assets/css/psbar.css,text/css,200,vod
fmoviefree.sc,https://fmoviefree.sc/online/guardians-of-the-galaxy-vol-3-2023/watching.html/,9930815b-07dc-4106-a193-ef50ddc34950,https://fmoviefree.sc/wp-content/themes/assets/inc/js/bootstrap.min.js,application/javascript,200,vod
fmoviefree.sc,https://fmoviefree.sc/online/guardians-of-the-galaxy-vol-3-2023/watching.html/,97099b5a-9ba8-4fec-a8ce-8f0b691f3a62,https://fmoviefree.sc/wp-content/themes/assets/inc/js/decrypted_player-v1.js,application/javascript,200,vod
fmoviefree.sc,https://fmoviefree.sc/online/guardians-of-the-galaxy-vol-3-2023/watching.html/,ee167846-7fdf-425f-b3df-2a732ee878a3,https://graph.facebook.com/?id=https://fmoviefree.sc/online/guardians-of-the-galaxy-vol-3-2023/&callback=jQuery19108176515547064991_1683883296216&_=1683883296217,text/javascript; charset=UTF-8,200,vod
fmoviefree.sc,https://fmoviefree.sc/online/guardians-of-the-galaxy-vol-3-2023/watching.html/,024f2e3a-fd4f-40f4-9ec9-f1610371d142,https://ntoftheusysianedt.info/utx?cb=2Oyv8rkKRPBP&top=streamvid.cc&tid=983231,None,204,vod
fmoviefree.sc,https://fmoviefree.sc/online/guardians-of-the-galaxy-vol-3-2023/watching.html/,e8399b09-0f2c-4aa3-949b-5fa303aff935,https://practicalwhich.info/UFpMOWp/ZS9KVzQPAkw5BwwBXFs0YhR8ICgCIgAyATQaXQ9hLWpNAzRndQFZYml9Hxo5PnEITCMuLU0fI2d9HwM+PCMETCZnfRdZZHR/C0RifDkEW3YuPFgNbWtqSR4kNnEIXGhpdAFZYmN1AFhl,None,204,vod
fmoviefree.sc,https://fmoviefree.sc/online/guardians-of-the-galaxy-vol-3-2023/watching.html/,b8ba40d0-e06f-4d19-8597-a80729dbdfd9,https://www.facebook.com/login.php?next=https%3A%2F%2Fwww.facebook.com%2Ffavicon.ico%3F_rdr%3Dp,"text/html; charset=""utf-8""",200,vod
fmoviefree.sc,https://fmoviefree.sc/online/guardians-of-the-galaxy-vol-3-2023/watching.html/,6c5df150-6d63-4a7b-b570-973a369421c1,https://fmoviefree.sc/wp-content/themes/assets/images/btn-overlay.png,image/png,200,vod
fmoviefree.sc,https://fmoviefree.sc/online/guardians-of-the-galaxy-vol-3-2023/watching.html/,20f154a1-ef5a-4f36-9c00-f17b40516caa,https://fmoviefree.sc/wp-content/themes/assets/inc/js/psbar.jquery.min.js,application/javascript,200,vod
fmoviefree.sc,https://fmoviefree.sc/online/guardians-of-the-galaxy-vol-3-2023/watching.html/,ae76a604-6700-4267-816c-5147d4028eb0,https://pogothere.xyz/,text/plain,200,vod
fmoviefree.sc,https://fmoviefree.sc/online/guardians-of-the-galaxy-vol-3-2023/watching.html/,6cf280bb-48d8-482f-b3bd-5714875979ca,https://streamvid.cc/templates/jwplayer/assets/related.js,application/javascript,200,vod
fmoviefree.sc,https://fmoviefree.sc/online/guardians-of-the-galaxy-vol-3-2023/watching.html/,76ac7e66-c23c-4823-b920-953523448cd0,https://practicalwhich.info/MTdBMUMeCCJCflViNQcgdm0AVwZdcxRkO0tkKnMQYH8pfhEAfmdFKlUKeAlwAwRwFzNYU3wAZUJDIEU2QgpyFypfUS4MLl5CMlQnXkAvFzUMBm8Cdx8Ecx9xF0J8AHUHBnQJdAYAeAN6AQV5AmVFRyBWfgARMUU3XQpwB3sCD3kCcAAHcQly,None,204,vod
fmoviefree.sc,https://fmoviefree.sc/online/guardians-of-the-galaxy-vol-3-2023/watching.html/,a750c80b-1e71-4eec-9c7b-66e6941fd93a,https://surf.streamvid.cc/WuBwonnFpfTe9lwEqh-4gvl6ZAUp6mbyLgJB1lAuH8spuGfYLEifBEeJObwpykGnBa0GT7TG_Lo6-VVFHvvpYw/fT0jl0sb537fy53nlPCTQa0JAyveMfiVqRpQkM9h6jU/1080.m3u8,application/vnd.apple.mpegurl,200,vod
fmoviefree.sc,https://fmoviefree.sc/online/guardians-of-the-galaxy-vol-3-2023/watching.html/,7f642242-95e1-496c-a517-4d9f4dc43061,https://streamvid.cc/templates/jwplayer/assets/jq.min.js,text/html; charset=UTF-8,200,vod
fmoviefree.sc,https://fmoviefree.sc/online/guardians-of-the-galaxy-vol-3-2023/watching.html/,22c1ddea-8efd-4700-82d8-0d2d1c6e139f,https://fmoviefree.sc/wp-includes/css/dist/block-library/style.min.css?ver=6.2,text/css,200,vod
fmoviefree.sc,https://fmoviefree.sc/online/guardians-of-the-galaxy-vol-3-2023/watching.html/,a24dcee9-94e2-4d72-9cad-4b5a30756dd6,https://tubeskagos.life/gd/63404?md=weiEmI6MTOxIDLiMnI6ICOwADe2ADMiwiIiJiOigDMwgnNwAjIsIiciojIiwiIxJiOigGd0B3c68yLm12b2lWZmJXZl5ycj9ybuxWauV2LnVXYyRWah52ct8mZtQHal1yZhxWY4lXL29GbtMTLyAjMz8ydhR3Yolmbn5Ca01Gbv8TZw1zNiwiIoJiO3gDMwwiIsJiOiUmbtU1UiwiI0JiOtMzMwwiI6JiOyIjMxwiIrJiOwwiI1JiOiICLiYmI6YWYsNXZsISZiojI3ZzMllTeuVXamN2bxRjYiwiIvJiO0JXdlxiItJiOxYDOzgDOzQjNzETMxwiI3JiOiUyNCViMyQXa0xWZlIjMlMTQlIjMHVXYyRWah52clIDMvZWJyADdoVWJyAzRhxWY4lXJyAjVvxmLlIDMzUiMwgiMwIzMpUiMwcVY0NGalIDMN9mdpVWJyATJyITJyMUJyIzall3dvJHZzViMyUyMBVSNCVSNEViMDViMyQ3bwd3byR2clIjMlMTQlUjQlIjMt9mdpV2clMTQ5UiMyUiMDViMycWdhJHZpFmbzVyMBZTJyITJyMUJyIzclJndlJXJzEUNlIjMlIzQlIjMm12b2lWZzVyMBVTJyITJyMUJyIDbvdWauVyMBVTJyITJyMUJyIzZhxWY4lXJzEUNlIjMlIzQlIjMv5Gbp5WZlMTQ0UiMyUiMDViMyMXdiN3YylmYlVyMBNTJyITJyMUJyIDchN3c39mckVyMBNTJyITJyMUJyITevVnclMTQzUiMyUiMDViMyAHblF2clVyMBNTJyITJ1QUJ3QkIsICcyJiOxwiIoNmI6IDLiIGbioTLxwiIiNmI6MDLiYndiojIH92bnxWZgkkbj5CIoc0bvdGblliIsIidyJiOiEkTHxURggyRv92ZsVGLgYVdstWYuBSMuMjLwACKTdXamR3UoFGZlJHIEVmdpNWZggyU1JmelJ3bpACKwgHMwADMDBDRFlSKsAyU3lmZ0NFahRWZyBCZylmdlJXKiwiIhNmI6ETMsIyY0JiOiUnbr52b35mIsIyYlRnI6ICNnJCLiMGZs1mI60SMsIyYkxmI6EDMsIyYyRHdioDMsICdtNnI6ETf,application/json,200,vod
fmoviefree.sc,https://fmoviefree.sc/online/guardians-of-the-galaxy-vol-3-2023/watching.html/,1f1103ef-79f3-4c85-a679-4b9be9d49933,https://practicalwhich.info/aXlwcjVGRhMBCAo9FB9XMSM2M3M/HCEnXjkvHEN2OygiIWICMFYGXA1ESUoGW0pBVEUAHU1DExoNEQZAGkRFVFwHHx9PEx9EQVwGXVdDQBtbXwVPBF9PQUcNXk5HSwdQSUJKBk8NABNSVEhWAkEdFU1DA1FKSEoGWkhAQwVb,None,204,vod
fmoviefree.sc,https://fmoviefree.sc/online/guardians-of-the-galaxy-vol-3-2023/watching.html/,3f4e5dc3-5b44-4143-9af5-dc4b5a43df34,https://www.google-analytics.com/j/collect?v=1&_v=j100&a=12084948&t=pageview&_s=1&dl=https%3A%2F%2Ffmoviefree.sc%2Fonline%2Fguardians-of-the-galaxy-vol-3-2023%2Fwatching.html%2F%3Fep%3D7&ul=en-us&de=UTF-8&dt=Guardians%20of%20the%20Galaxy%20Vol.%203%20(2023)%20Watch%20Movie%20Online%20-%20Fmoviesfree&sd=24-bit&sr=800x600&vp=785x600&je=0&_u=YEBAAUABAAAAACAAI~&jid=999557293&gjid=1329970408&cid=168438197.1683883299&tid=UA-110551045-1&_gid=1665327452.1683883299&_r=1&gtm=457e35a0&jsscut=1&z=546503945,text/plain,200,vod
fmoviefree.sc,https://fmoviefree.sc/online/guardians-of-the-galaxy-vol-3-2023/watching.html/,4eb71020-b3f6-410a-bfec-01098d16e34d,https://fmoviefree.sc/wp-content/themes/assets/inc/js/jquery.cookie.js,application/javascript,200,vod
fmoviefree.sc,https://fmoviefree.sc/online/guardians-of-the-galaxy-vol-3-2023/watching.html/,4c2bbe3a-4ac6-44c6-a32b-0da98cc9c34a,https://fmoviefree.sc/wp-content/themes/assets/inc/js/jquery.lazyload.js,application/javascript,200,vod
fmoviefree.sc,https://fmoviefree.sc/online/guardians-of-the-galaxy-vol-3-2023/watching.html/,82315c1f-ea51-4394-868e-156e0d624f19,https://fmoviefree.sc/wp-content/themes/assets/inc/js/bootstrap-select.js,application/javascript,200,vod
fmoviefree.sc,https://fmoviefree.sc/online/guardians-of-the-galaxy-vol-3-2023/watching.html/,e623fc3f-1584-4887-8164-5912912188c9,https://fmoviefree.sc/images/tt27197387/poster.jpg,image/jpeg,200,vod
fmoviefree.sc,https://fmoviefree.sc/online/guardians-of-the-galaxy-vol-3-2023/watching.html/,8cec5917-c56c-4420-a893-8d5c0247313d,https://streamvid.cc/templates/jwplayer/assets/jwplayer.js?1683884341,application/javascript,200,vod
fmoviefree.sc,https://fmoviefree.sc/online/guardians-of-the-galaxy-vol-3-2023/watching.html/,c97b3d0b-12ca-40b5-a719-54a090a993ca,https://ntoftheusysianedt.info/U3Q1aHcyFlYFSDJJV04CIRgITUUVUQcuE2UQUAEdZx8GARwyBBsLGzwBUQ4FPBpBRhk2ABBaMQQuBjIuBw58LTAHLUUsJR4SZSA+HywFPgY1NXsqPxAHUjA1Nzh4Ky0QP2EpAwMsBU1FFTJNHAcBHAU7LQsbVj0bEkR5BAASJwZcBgs1ZyQWBBhhKQ8BGFAQJgc2XwscFwN8KycQHGcqEGdNej5GETVPBA4LA1IlOgA6UCobHQV2ORMZJltZThIfDScWC0BtPjMBTVM5Ph88TzFBAB9/LRYXF349JD8BUBADECZyDwICHFYJJwccbSolYwx6EBMFOXJFRms2YAQxMRlaKSFiQE8iRwo/cgZGahdgIjIyN3sKMxE6DA4mGjVwEgQ4LGBdIzIaDAk2OxcNIUYwIXc8BD0ldA8VAyNaKT4GEEUONSssYi9GZjZjPi4xGkIwIQYtRyQbAjN3LDEiNXYuMzJHUgshFjYQWjUcEww/UTkHWgYHbhxcGDkVAUcnLzI3,text/html,200,vod
